<page>
  <controls count="3">
    <control type="DivRoot" pathname="/divRoot">
      <left>0</left>
      <top>0</top>
      <width>1504</width>
      <height>719</height>
      <dockX>fill</dockX>
      <dockY>fill</dockY>
      <backgroundColor>ffffff</backgroundColor>
      <bgColorEnabled>true</bgColorEnabled>
    </control>
    <control type="Panel" pathname="/divRoot/panel1">
      <left>550</left>
      <top>21</top>
      <width>404</width>
      <height>67</height>
      <dockX>center</dockX>
      <backgroundSkin>skin1001</backgroundSkin>
    </control>
    <control type="Panel" pathname="/divRoot/panel2">
      <left>485</left>
      <top>130</top>
      <width>533</width>
      <height>203</height>
      <dockX>center</dockX>
      <backgroundImg>1.jpg</backgroundImg>
      <backgroundImgMode>stretch</backgroundImgMode>
    </control>
  </controls>
  <sqlResultSet count="0" />
  <taskSet count="0" />
  <gridLines count="0" />
</page>