<page>
  <controls count="44">
    <control type="DivRoot" pathname="/divRoot">
      <left>0</left>
      <top>0</top>
      <width>1316</width>
      <height>719</height>
      <dockX>fill</dockX>
      <dockY>fill</dockY>
      <backgroundColor>ffffff</backgroundColor>
      <bgColorEnabled>true</bgColorEnabled>
      <backgroundImg>xz_bn.png</backgroundImg>
      <onControlLoad><![CDATA[<%
if (session.get("username").length == 0) {
    response.redirect("ee.aspx?_L_=/qrAdmin/hint/login");
}
%>]]></onControlLoad>
    </control>
    <control type="Panel" pathname="/divRoot/panel1">
      <left>280</left>
      <top>5</top>
      <width>755</width>
      <height>522</height>
      <dockX>center</dockX>
      <backgroundSkin>line1000</backgroundSkin>
    </control>
    <control type="LayoutX" pathname="/divRoot/panel1/layoutx1">
      <left>78</left>
      <top>56</top>
      <width>599</width>
      <height>30</height>
      <dockX>center</dockX>
      <fieldCount>2</fieldCount>
    </control>
    <control type="LayoutXItem" pathname="/divRoot/panel1/layoutx1/layoutxitem1">
      <left>0</left>
      <top>0</top>
      <width>110</width>
      <height>30</height>
      <backgroundColor>f0f0f0</backgroundColor>
      <bgColorEnabled>true</bgColorEnabled>
      <text>*用户名</text>
      <fontBold>true</fontBold>
      <heavyEnabled>false</heavyEnabled>
    </control>
    <control type="LayoutXItem" pathname="/divRoot/panel1/layoutx1/layoutxitem2">
      <left>110</left>
      <top>0</top>
      <width>489</width>
      <height>30</height>
      <backgroundColor>d0d0d0</backgroundColor>
      <bgColorEnabled>true</bgColorEnabled>
    </control>
    <control type="Edit" pathname="/divRoot/panel1/layoutx1/layoutxitem2/edit1">
      <left>0</left>
      <top>0</top>
      <width>489</width>
      <height>30</height>
      <dockX>fill</dockX>
      <dockY>fill</dockY>
      <backgroundSkin>edit1</backgroundSkin>
    </control>
    <control type="LayoutX" pathname="/divRoot/panel1/layoutx2">
      <left>78</left>
      <top>95</top>
      <width>599</width>
      <height>30</height>
      <dockX>center</dockX>
      <fieldCount>2</fieldCount>
    </control>
    <control type="LayoutXItem" pathname="/divRoot/panel1/layoutx2/layoutxitem3">
      <left>0</left>
      <top>0</top>
      <width>110</width>
      <height>30</height>
      <backgroundColor>f0f0f0</backgroundColor>
      <bgColorEnabled>true</bgColorEnabled>
      <text>*登录密码</text>
      <fontBold>true</fontBold>
      <heavyEnabled>false</heavyEnabled>
    </control>
    <control type="LayoutXItem" pathname="/divRoot/panel1/layoutx2/layoutxitem4">
      <left>110</left>
      <top>0</top>
      <width>489</width>
      <height>30</height>
      <backgroundColor>d0d0d0</backgroundColor>
      <bgColorEnabled>true</bgColorEnabled>
    </control>
    <control type="Edit" pathname="/divRoot/panel1/layoutx2/layoutxitem4/edit2">
      <left>0</left>
      <top>0</top>
      <width>489</width>
      <height>30</height>
      <dockX>fill</dockX>
      <dockY>fill</dockY>
      <backgroundSkin>edit1</backgroundSkin>
      <inputPassword>true</inputPassword>
    </control>
    <control type="LayoutX" pathname="/divRoot/panel1/layoutx3">
      <left>78</left>
      <top>134</top>
      <width>599</width>
      <height>30</height>
      <dockX>center</dockX>
      <fieldCount>2</fieldCount>
    </control>
    <control type="LayoutXItem" pathname="/divRoot/panel1/layoutx3/layoutxitem5">
      <left>0</left>
      <top>0</top>
      <width>110</width>
      <height>30</height>
      <backgroundColor>f0f0f0</backgroundColor>
      <bgColorEnabled>true</bgColorEnabled>
      <text>*确认登录密码</text>
      <fontBold>true</fontBold>
      <heavyEnabled>false</heavyEnabled>
    </control>
    <control type="LayoutXItem" pathname="/divRoot/panel1/layoutx3/layoutxitem6">
      <left>110</left>
      <top>0</top>
      <width>489</width>
      <height>30</height>
      <backgroundColor>d0d0d0</backgroundColor>
      <bgColorEnabled>true</bgColorEnabled>
    </control>
    <control type="Edit" pathname="/divRoot/panel1/layoutx3/layoutxitem6/edit3">
      <left>0</left>
      <top>0</top>
      <width>489</width>
      <height>30</height>
      <dockX>fill</dockX>
      <dockY>fill</dockY>
      <backgroundSkin>edit1</backgroundSkin>
      <inputPassword>true</inputPassword>
    </control>
    <control type="LayoutX" pathname="/divRoot/panel1/layoutx4">
      <left>78</left>
      <top>173</top>
      <width>599</width>
      <height>30</height>
      <dockX>center</dockX>
      <fieldCount>2</fieldCount>
    </control>
    <control type="LayoutXItem" pathname="/divRoot/panel1/layoutx4/layoutxitem7">
      <left>0</left>
      <top>0</top>
      <width>110</width>
      <height>30</height>
      <backgroundColor>f0f0f0</backgroundColor>
      <bgColorEnabled>true</bgColorEnabled>
      <text>厂商中文名称</text>
      <fontBold>true</fontBold>
      <heavyEnabled>false</heavyEnabled>
    </control>
    <control type="LayoutXItem" pathname="/divRoot/panel1/layoutx4/layoutxitem8">
      <left>110</left>
      <top>0</top>
      <width>489</width>
      <height>30</height>
      <backgroundColor>d0d0d0</backgroundColor>
      <bgColorEnabled>true</bgColorEnabled>
    </control>
    <control type="Edit" pathname="/divRoot/panel1/layoutx4/layoutxitem8/edit4">
      <left>0</left>
      <top>0</top>
      <width>489</width>
      <height>30</height>
      <dockX>fill</dockX>
      <dockY>fill</dockY>
      <backgroundSkin>edit1</backgroundSkin>
    </control>
    <control type="LayoutX" pathname="/divRoot/panel1/layoutx5">
      <left>78</left>
      <top>211</top>
      <width>599</width>
      <height>30</height>
      <dockX>center</dockX>
      <fieldCount>2</fieldCount>
    </control>
    <control type="LayoutXItem" pathname="/divRoot/panel1/layoutx5/layoutxitem9">
      <left>0</left>
      <top>0</top>
      <width>110</width>
      <height>30</height>
      <backgroundColor>f0f0f0</backgroundColor>
      <bgColorEnabled>true</bgColorEnabled>
      <text>电子邮件</text>
      <fontBold>true</fontBold>
      <heavyEnabled>false</heavyEnabled>
    </control>
    <control type="LayoutXItem" pathname="/divRoot/panel1/layoutx5/layoutxitem10">
      <left>110</left>
      <top>0</top>
      <width>489</width>
      <height>30</height>
      <backgroundColor>d0d0d0</backgroundColor>
      <bgColorEnabled>true</bgColorEnabled>
    </control>
    <control type="Edit" pathname="/divRoot/panel1/layoutx5/layoutxitem10/edit5">
      <left>0</left>
      <top>0</top>
      <width>489</width>
      <height>30</height>
      <dockX>fill</dockX>
      <dockY>fill</dockY>
      <backgroundSkin>edit1</backgroundSkin>
    </control>
    <control type="LayoutX" pathname="/divRoot/panel1/layoutx6">
      <left>78</left>
      <top>249</top>
      <width>599</width>
      <height>30</height>
      <dockX>center</dockX>
      <fieldCount>2</fieldCount>
    </control>
    <control type="LayoutXItem" pathname="/divRoot/panel1/layoutx6/layoutxitem11">
      <left>0</left>
      <top>0</top>
      <width>110</width>
      <height>30</height>
      <backgroundColor>f0f0f0</backgroundColor>
      <bgColorEnabled>true</bgColorEnabled>
      <text>网站</text>
      <fontBold>true</fontBold>
      <heavyEnabled>false</heavyEnabled>
    </control>
    <control type="LayoutXItem" pathname="/divRoot/panel1/layoutx6/layoutxitem12">
      <left>110</left>
      <top>0</top>
      <width>489</width>
      <height>30</height>
      <backgroundColor>d0d0d0</backgroundColor>
      <bgColorEnabled>true</bgColorEnabled>
    </control>
    <control type="Edit" pathname="/divRoot/panel1/layoutx6/layoutxitem12/edit6">
      <left>0</left>
      <top>0</top>
      <width>489</width>
      <height>30</height>
      <dockX>fill</dockX>
      <dockY>fill</dockY>
      <backgroundSkin>edit1</backgroundSkin>
    </control>
    <control type="LayoutX" pathname="/divRoot/panel1/layoutx7">
      <left>78</left>
      <top>287</top>
      <width>599</width>
      <height>30</height>
      <dockX>center</dockX>
      <fieldCount>2</fieldCount>
    </control>
    <control type="LayoutXItem" pathname="/divRoot/panel1/layoutx7/layoutxitem13">
      <left>0</left>
      <top>0</top>
      <width>110</width>
      <height>30</height>
      <backgroundColor>f0f0f0</backgroundColor>
      <bgColorEnabled>true</bgColorEnabled>
      <text>邮寄地址</text>
      <fontBold>true</fontBold>
      <heavyEnabled>false</heavyEnabled>
    </control>
    <control type="LayoutXItem" pathname="/divRoot/panel1/layoutx7/layoutxitem14">
      <left>110</left>
      <top>0</top>
      <width>489</width>
      <height>30</height>
      <backgroundColor>d0d0d0</backgroundColor>
      <bgColorEnabled>true</bgColorEnabled>
    </control>
    <control type="Edit" pathname="/divRoot/panel1/layoutx7/layoutxitem14/edit7">
      <left>0</left>
      <top>0</top>
      <width>489</width>
      <height>30</height>
      <dockX>fill</dockX>
      <dockY>fill</dockY>
      <backgroundSkin>edit1</backgroundSkin>
    </control>
    <control type="LayoutX" pathname="/divRoot/panel1/layoutx8">
      <left>78</left>
      <top>325</top>
      <width>599</width>
      <height>30</height>
      <dockX>center</dockX>
      <fieldCount>2</fieldCount>
    </control>
    <control type="LayoutXItem" pathname="/divRoot/panel1/layoutx8/layoutxitem15">
      <left>0</left>
      <top>0</top>
      <width>110</width>
      <height>30</height>
      <backgroundColor>f0f0f0</backgroundColor>
      <bgColorEnabled>true</bgColorEnabled>
      <text>联系人</text>
      <fontBold>true</fontBold>
      <heavyEnabled>false</heavyEnabled>
    </control>
    <control type="LayoutXItem" pathname="/divRoot/panel1/layoutx8/layoutxitem16">
      <left>110</left>
      <top>0</top>
      <width>489</width>
      <height>30</height>
      <backgroundColor>d0d0d0</backgroundColor>
      <bgColorEnabled>true</bgColorEnabled>
    </control>
    <control type="Edit" pathname="/divRoot/panel1/layoutx8/layoutxitem16/edit8">
      <left>0</left>
      <top>0</top>
      <width>489</width>
      <height>30</height>
      <dockX>fill</dockX>
      <dockY>fill</dockY>
      <backgroundSkin>edit1</backgroundSkin>
    </control>
    <control type="LayoutX" pathname="/divRoot/panel1/layoutx9">
      <left>78</left>
      <top>363</top>
      <width>599</width>
      <height>30</height>
      <dockX>center</dockX>
      <fieldCount>2</fieldCount>
    </control>
    <control type="LayoutXItem" pathname="/divRoot/panel1/layoutx9/layoutxitem17">
      <left>0</left>
      <top>0</top>
      <width>110</width>
      <height>30</height>
      <backgroundColor>f0f0f0</backgroundColor>
      <bgColorEnabled>true</bgColorEnabled>
      <text>联系电话</text>
      <fontBold>true</fontBold>
      <heavyEnabled>false</heavyEnabled>
    </control>
    <control type="LayoutXItem" pathname="/divRoot/panel1/layoutx9/layoutxitem18">
      <left>110</left>
      <top>0</top>
      <width>489</width>
      <height>30</height>
      <backgroundColor>d0d0d0</backgroundColor>
      <bgColorEnabled>true</bgColorEnabled>
    </control>
    <control type="Edit" pathname="/divRoot/panel1/layoutx9/layoutxitem18/edit9">
      <left>0</left>
      <top>0</top>
      <width>489</width>
      <height>30</height>
      <dockX>fill</dockX>
      <dockY>fill</dockY>
      <backgroundSkin>edit1</backgroundSkin>
    </control>
    <control type="LayoutX" pathname="/divRoot/panel1/layoutx10">
      <left>78</left>
      <top>402</top>
      <width>599</width>
      <height>30</height>
      <dockX>center</dockX>
      <fieldCount>2</fieldCount>
    </control>
    <control type="LayoutXItem" pathname="/divRoot/panel1/layoutx10/layoutxitem19">
      <left>0</left>
      <top>0</top>
      <width>110</width>
      <height>30</height>
      <backgroundColor>f0f0f0</backgroundColor>
      <bgColorEnabled>true</bgColorEnabled>
      <text>备注信息</text>
      <fontBold>true</fontBold>
      <heavyEnabled>false</heavyEnabled>
    </control>
    <control type="LayoutXItem" pathname="/divRoot/panel1/layoutx10/layoutxitem20">
      <left>110</left>
      <top>0</top>
      <width>489</width>
      <height>30</height>
      <backgroundColor>d0d0d0</backgroundColor>
      <bgColorEnabled>true</bgColorEnabled>
    </control>
    <control type="Edit" pathname="/divRoot/panel1/layoutx10/layoutxitem20/edit10">
      <left>0</left>
      <top>0</top>
      <width>489</width>
      <height>30</height>
      <dockX>fill</dockX>
      <dockY>fill</dockY>
      <backgroundSkin>edit1</backgroundSkin>
    </control>
    <control type="Panel" pathname="/divRoot/panel1/panel2">
      <left>531</left>
      <top>452</top>
      <width>145</width>
      <height>35</height>
      <backgroundSkin>skin1000</backgroundSkin>
      <text><![CDATA[确认提交 >>]]></text>
      <fontBold>true</fontBold>
      <cursor>pointer</cursor>
      <onClick>register();</onClick>
    </control>
    <control type="Panel" pathname="/divRoot/panel1/panel3">
      <left>260</left>
      <top>11</top>
      <width>235</width>
      <height>34</height>
      <dockX>center</dockX>
      <text>新用户登记卡</text>
      <fontSize>12</fontSize>
      <fontColor>800000</fontColor>
      <fontBold>true</fontBold>
    </control>
  </controls>
  <sqlResultSet count="0" />
  <taskSet count="1">
    <taskSetItem name="register">
      <script1><![CDATA[var e1 = ee.getEditText(ee.getControl("edit1"));
var e2 = ee.getEditText(ee.getControl("edit2"));
var e3 = ee.getEditText(ee.getControl("edit3"));
var e4 = ee.getEditText(ee.getControl("edit4"));
var e5 = ee.getEditText(ee.getControl("edit5"));
var e6 = ee.getEditText(ee.getControl("edit6"));
var e7 = ee.getEditText(ee.getControl("edit7"));
var e8 = ee.getEditText(ee.getControl("edit8"));
var e9 = ee.getEditText(ee.getControl("edit9"));
var e10 = ee.getEditText(ee.getControl("edit10"));
//客户端验证
if (e1.length==0) {
    alert("用户名属于必填项，请认真填写");
    return;
}
if (e2.length<6) {
    alert("密码长度必须大于等于6位");
    return;
}
if (e2!=e3) {
    alert("对不起，您两次输入的密码不一致");
    return;
}
//发送
eio.appendString16(e1);
eio.appendString16(e2);
eio.appendString16(e4);
eio.appendString16(e5);
eio.appendString16(e6);
eio.appendString16(e7);
eio.appendString16(e8);
eio.appendString16(e9);
eio.appendString16(e10);





]]></script1>
      <script2>var e1 = eio.readString16();
var e2 = eio.readString16();
var e3 = eio.readString16();
var e4 = eio.readString16();
var e5 = eio.readString16();
var e6 = eio.readString16();
var e7 = eio.readString16();
var e8 = eio.readString16();
var e9 = eio.readString16();
var sql;
sql = "select * from manufacturerInfo where accountName = '" + db.encode(e1) + "'";
var sqlResult = db.executeQuery("QR", sql);
if (!db.read(sqlResult)) {
    sql = "insert into manufacturerInfo (accountName, accountPassword, cnName, email, website, postAddress, contactName, contactTel, note) values (" +
        "'" + db.encode(e1) + "'," +
        "'" + db.encode(es.getMd5(e2)) + "'," +
        "'" + db.encode(e3) + "'," +
        "'" + db.encode(e4) + "'," +
        "'" + db.encode(e5) + "'," +
        "'" + db.encode(e6) + "'," +
        "'" + db.encode(e7) + "'," +
        "'" + db.encode(e8) + "'," +
        "'" + db.encode(e9) + "') ";
    if (!db.executeNoneQuery("QR", sql)) {
        eio.appendString8("系统繁忙，请稍后再试。");
    } else {
        eio.appendString8("T");
    }
} else {
    eio.appendString8("用户名" + e1 + "已存在，请重新选择一个用户名");
}







</script2>
      <script3>var r = eio.readString8();
if (r=="T") {
    alert("注册用户成功");
} else {
    alert("注册失败：" + r);
}</script3>
    </taskSetItem>
  </taskSet>
  <gridLines count="0" />
</page>