<EBProj>
  <projectName>QRTomahawk后台</projectName>
  <projectItems count="10">
    <page pathname="/login" />
    <page pathname="/main" />
    <image pathname="/main/p2d3c1.png" />
    <page pathname="/register" />
    <image pathname="/register/xz_bn.png" />
    <page pathname="/hint/login" />
    <page pathname="/userAdmin" />
    <image pathname="/userAdmin/xz_bn.png" />
    <page pathname="/charge" />
    <image pathname="/charge/xz_bn.png" />
  </projectItems>
  <dbConnections count="1">
    <connection name="QR">
      <connectionString>DSN=QR;UID=sa;PWD=1qazxsw2;</connectionString>
    </connection>
  </dbConnections>
</EBProj>