<page>
  <controls count="25">
    <control type="DivRoot" pathname="/divRoot">
      <left>0</left>
      <top>0</top>
      <width>1322</width>
      <height>719</height>
      <dockX>fill</dockX>
      <dockY>fill</dockY>
      <backgroundColor>ffffff</backgroundColor>
      <bgColorEnabled>true</bgColorEnabled>
      <backgroundImg>bg1.jpg</backgroundImg>
      <onControlLoad>getBirth0();
</onControlLoad>
    </control>
    <control type="Panel" pathname="/divRoot/panel1">
      <left>0</left>
      <top>676</top>
      <width>1322</width>
      <height>43</height>
      <dockX>fill</dockX>
      <dockY>bottom</dockY>
      <backgroundColor>800000</backgroundColor>
      <bgColorEnabled>true</bgColorEnabled>
      <text>众 安 房 产 恭 祝 您 生 日 快 乐 ！</text>
      <fontSize>12</fontSize>
      <fontColor>FFFFFF</fontColor>
      <fontBold>true</fontBold>
    </control>
    <control type="LayoutY" pathname="/divRoot/layouty1">
      <left>161</left>
      <top>0</top>
      <width>1000</width>
      <height>719</height>
      <dockX>center</dockX>
      <dockY>fill</dockY>
    </control>
    <control type="LayoutYItem" pathname="/divRoot/layouty1/layoutyitem1">
      <left>0</left>
      <top>0</top>
      <width>1000</width>
      <height>204</height>
      <backgroundColor>f0f0f0</backgroundColor>
      <backgroundImg>bb.png</backgroundImg>
      <backgroundImgMode>fill</backgroundImgMode>
      <heavyEnabled>false</heavyEnabled>
    </control>
    <control type="LayoutYItem" pathname="/divRoot/layouty1/layoutyitem2">
      <left>0</left>
      <top>204</top>
      <width>1000</width>
      <height>455</height>
      <backgroundColor>FFFFFF</backgroundColor>
      <backgroundSkin>line1000</backgroundSkin>
    </control>
    <control type="Panel" pathname="/divRoot/layouty1/layoutyitem2/panel2">
      <left>39</left>
      <top>8</top>
      <width>182</width>
      <height>55</height>
      <text>今日寿星</text>
      <fontSize>18</fontSize>
      <fontColor>C00000</fontColor>
      <fontBold>true</fontBold>
    </control>
    <control type="TableTitle" pathname="/divRoot/layouty1/layoutyitem2/tabletitle1">
      <left>82</left>
      <top>51</top>
      <width>827</width>
      <height>2</height>
      <backgroundColor>C00000</backgroundColor>
      <bgColorEnabled>true</bgColorEnabled>
      <columnCount>1</columnCount>
      <tableBody>tablebody1</tableBody>
    </control>
    <control type="TableTitleItem" pathname="/divRoot/layouty1/layoutyitem2/tabletitle1/tabletitleitem1">
      <left>0</left>
      <top>0</top>
      <width>827</width>
      <height>2</height>
      <backgroundColor>f0f0f0</backgroundColor>
    </control>
    <control type="TableBody" pathname="/divRoot/layouty1/layoutyitem2/tablebody1">
      <left>82</left>
      <top>53</top>
      <width>827</width>
      <height>400</height>
      <rowCount>15</rowCount>
      <tableTitle>tabletitle1</tableTitle>
    </control>
    <control type="TableBodyItem" pathname="/divRoot/layouty1/layoutyitem2/tablebody1/tablebodyitem1">
      <left>0</left>
      <top>0</top>
      <width>827</width>
      <height>27</height>
      <backgroundColor>f0f0f0</backgroundColor>
      <text>信息中心</text>
      <fontColor>C00000</fontColor>
      <fontBold>true</fontBold>
    </control>
    <control type="Panel" pathname="/divRoot/layouty1/layoutyitem2/tablebody1/temp37">
      <left>0</left>
      <top>27</top>
      <width>827</width>
      <height>26</height>
      <backgroundColor>f0f0f0</backgroundColor>
      <text>信息中心</text>
      <fontColor>C00000</fontColor>
      <fontBold>true</fontBold>
    </control>
    <control type="Panel" pathname="/divRoot/layouty1/layoutyitem2/tablebody1/temp38">
      <left>0</left>
      <top>53</top>
      <width>827</width>
      <height>27</height>
      <backgroundColor>f0f0f0</backgroundColor>
      <text>信息中心</text>
      <fontColor>C00000</fontColor>
      <fontBold>true</fontBold>
    </control>
    <control type="Panel" pathname="/divRoot/layouty1/layoutyitem2/tablebody1/temp39">
      <left>0</left>
      <top>80</top>
      <width>827</width>
      <height>27</height>
      <backgroundColor>f0f0f0</backgroundColor>
      <text>信息中心</text>
      <fontColor>C00000</fontColor>
      <fontBold>true</fontBold>
    </control>
    <control type="Panel" pathname="/divRoot/layouty1/layoutyitem2/tablebody1/temp40">
      <left>0</left>
      <top>107</top>
      <width>827</width>
      <height>26</height>
      <backgroundColor>f0f0f0</backgroundColor>
      <text>信息中心</text>
      <fontColor>C00000</fontColor>
      <fontBold>true</fontBold>
    </control>
    <control type="Panel" pathname="/divRoot/layouty1/layoutyitem2/tablebody1/temp41">
      <left>0</left>
      <top>133</top>
      <width>827</width>
      <height>27</height>
      <backgroundColor>f0f0f0</backgroundColor>
      <text>信息中心</text>
      <fontColor>C00000</fontColor>
      <fontBold>true</fontBold>
    </control>
    <control type="Panel" pathname="/divRoot/layouty1/layoutyitem2/tablebody1/temp42">
      <left>0</left>
      <top>160</top>
      <width>827</width>
      <height>27</height>
      <backgroundColor>f0f0f0</backgroundColor>
      <text>信息中心</text>
      <fontColor>C00000</fontColor>
      <fontBold>true</fontBold>
    </control>
    <control type="Panel" pathname="/divRoot/layouty1/layoutyitem2/tablebody1/temp43">
      <left>0</left>
      <top>187</top>
      <width>827</width>
      <height>26</height>
      <backgroundColor>f0f0f0</backgroundColor>
      <text>信息中心</text>
      <fontColor>C00000</fontColor>
      <fontBold>true</fontBold>
    </control>
    <control type="Panel" pathname="/divRoot/layouty1/layoutyitem2/tablebody1/temp44">
      <left>0</left>
      <top>213</top>
      <width>827</width>
      <height>27</height>
      <backgroundColor>f0f0f0</backgroundColor>
      <text>信息中心</text>
      <fontColor>C00000</fontColor>
      <fontBold>true</fontBold>
    </control>
    <control type="Panel" pathname="/divRoot/layouty1/layoutyitem2/tablebody1/temp45">
      <left>0</left>
      <top>240</top>
      <width>827</width>
      <height>27</height>
      <backgroundColor>f0f0f0</backgroundColor>
      <text>信息中心</text>
      <fontColor>C00000</fontColor>
      <fontBold>true</fontBold>
    </control>
    <control type="Panel" pathname="/divRoot/layouty1/layoutyitem2/tablebody1/temp1">
      <left>0</left>
      <top>267</top>
      <width>827</width>
      <height>26</height>
      <backgroundColor>f0f0f0</backgroundColor>
      <text>信息中心</text>
      <fontColor>C00000</fontColor>
      <fontBold>true</fontBold>
    </control>
    <control type="Panel" pathname="/divRoot/layouty1/layoutyitem2/tablebody1/temp2">
      <left>0</left>
      <top>293</top>
      <width>827</width>
      <height>27</height>
      <backgroundColor>f0f0f0</backgroundColor>
      <text>信息中心</text>
      <fontColor>C00000</fontColor>
      <fontBold>true</fontBold>
    </control>
    <control type="Panel" pathname="/divRoot/layouty1/layoutyitem2/tablebody1/temp3">
      <left>0</left>
      <top>320</top>
      <width>827</width>
      <height>27</height>
      <backgroundColor>f0f0f0</backgroundColor>
      <text>信息中心</text>
      <fontColor>C00000</fontColor>
      <fontBold>true</fontBold>
    </control>
    <control type="Panel" pathname="/divRoot/layouty1/layoutyitem2/tablebody1/temp4">
      <left>0</left>
      <top>347</top>
      <width>827</width>
      <height>26</height>
      <backgroundColor>f0f0f0</backgroundColor>
      <text>信息中心</text>
      <fontColor>C00000</fontColor>
      <fontBold>true</fontBold>
    </control>
    <control type="Panel" pathname="/divRoot/layouty1/layoutyitem2/tablebody1/temp5">
      <left>0</left>
      <top>373</top>
      <width>827</width>
      <height>27</height>
      <backgroundColor>f0f0f0</backgroundColor>
      <text>信息中心</text>
      <fontColor>C00000</fontColor>
      <fontBold>true</fontBold>
    </control>
    <control type="LayoutYItem" pathname="/divRoot/layouty1/layoutyitem3">
      <left>0</left>
      <top>659</top>
      <width>1000</width>
      <height>60</height>
      <backgroundColor>f0f0f0</backgroundColor>
      <heavyEnabled>false</heavyEnabled>
    </control>
  </controls>
  <sqlResultSet count="0" />
  <taskSet count="3">
    <taskSetItem name="getBirth0">
      <script1>//今天生日榜</script1>
      <script2>var sqlString = 
	"select r.ryxx_jobnum, " +
	"r.ryxx_birth, " +
 	"s.zzgs_name || ' ' || b.zzbm_name || ' ' || x.gwxx_postname || ' ' || " +
	"r.ryxx_name as rname, " +
	"s.zzgs_parent_id, " +
	"r.ryxx_tel, " +
	"r.ryxx_mobile, " +
	"r.ryxx_email " +
	"  from y_ryxx r " +
	"  left join y_zzbm b on r.zzbm_id = b.zzbm_id " +
	"  left join y_zzgs s on r.zzgs_id = s.zzgs_id " +
	"  left join y_gwxx x on r.gwxx_id = x.gwxx_id " +
	" where r.ryxx_birth like '%' || to_char(sysdate - 0, 'mm-dd') ";
var sqlResult = db.executeQuery("ZAOracle", sqlString);
eio.appendDataSet(sqlResult, "rname", 0, 100);

</script2>
      <script3>//alert(eio.buffi);
g5.dataset1 = eio.readDataSet();
ee.setTableData(ee.getControl("tablebody1"), g5.dataset1, 0);</script3>
    </taskSetItem>
    <taskSetItem name="getBirth1">
      <script1>//明天生日榜
</script1>
      <script2 />
      <script3 />
    </taskSetItem>
    <taskSetItem name="getBirth2">
      <script1>//后天生日榜

</script1>
      <script2 />
      <script3 />
    </taskSetItem>
  </taskSet>
  <gridLines count="0" />
</page>