<page>
  <controls count="8">
    <control type="DivRoot" pathname="/divRoot">
      <left>0</left>
      <top>0</top>
      <width>1000</width>
      <height>800</height>
      <backgroundColor>E0E0E0</backgroundColor>
      <bgColorEnabled>true</bgColorEnabled>
      <onPageLoad>document.body.style.backgroundColor = "#e0e0e0";</onPageLoad>
    </control>
    <control type="Panel" pathname="/divRoot/panel1">
      <left>98</left>
      <top>83</top>
      <width>797</width>
      <height>481</height>
      <backgroundSkin>win1</backgroundSkin>
    </control>
    <control type="Panel" pathname="/divRoot/panel1/panel2">
      <left>91</left>
      <top>77</top>
      <width>580</width>
      <height>51</height>
      <text>登录帮助</text>
      <fontFamily>黑体</fontFamily>
      <fontSize>30</fontSize>
      <fontBold>true</fontBold>
    </control>
    <control type="Panel" pathname="/divRoot/panel1/panel3">
      <left>68</left>
      <top>375</top>
      <width>638</width>
      <height>38</height>
      <text>信息中心联系人：王状永 办公电话：82728887-8053, 移动电话：17767127668 
</text>
    </control>
    <control type="Panel" pathname="/divRoot/panel1/panel4">
      <left>101</left>
      <top>157</top>
      <width>461</width>
      <height>36</height>
      <text>为了确保您能够正常使用本系统，请仔细阅读以下内容：</text>
      <fontSize>12</fontSize>
      <hAlign>left</hAlign>
    </control>
    <control type="Panel" pathname="/divRoot/panel1/panel5">
      <left>106</left>
      <top>190</top>
      <width>577</width>
      <height>2</height>
      <bgColorEnabled>true</bgColorEnabled>
    </control>
    <control type="Panel" pathname="/divRoot/panel1/panel6">
      <left>125</left>
      <top>198</top>
      <width>472</width>
      <height>122</height>
      <text>1. 用户名指员工的编码，如：700123

2. 密码为大写字母、小写字母加数字组合而成

3. 如忘记用户名或者密码，请及时联系信息中心工作人员
</text>
      <hAlign>left</hAlign>
    </control>
    <control type="Panel" pathname="/divRoot/panel1/panel7">
      <left>544</left>
      <top>313</top>
      <width>134</width>
      <height>28</height>
      <backgroundSkin>skin1</backgroundSkin>
      <text><![CDATA[<<< 返回]]></text>
      <fontColor>FFFFFF</fontColor>
      <onClick>history.back();</onClick>
    </control>
  </controls>
  <sqlResultSet count="0" />
  <taskSet count="0" />
  <gridLines count="0" />
</page>