<page>
  <controls count="7">
    <control type="DivRoot" pathname="/divRoot">
      <left>0</left>
      <top>0</top>
      <width>1316</width>
      <height>719</height>
      <dockX>fill</dockX>
      <dockY>fill</dockY>
      <backgroundColor>ffffff</backgroundColor>
      <bgColorEnabled>true</bgColorEnabled>
    </control>
    <control type="LayoutX" pathname="/divRoot/layoutx1">
      <left>0</left>
      <top>0</top>
      <width>1316</width>
      <height>719</height>
      <dockX>fill</dockX>
      <dockY>fill</dockY>
      <fieldCount>2</fieldCount>
    </control>
    <control type="LayoutXItem" pathname="/divRoot/layoutx1/layoutxitem1">
      <left>0</left>
      <top>0</top>
      <width>658</width>
      <height>719</height>
      <backgroundColor>f0f0f0</backgroundColor>
      <backgroundImg>CPY0000.jpg</backgroundImg>
    </control>
    <control type="LayoutXItem" pathname="/divRoot/layoutx1/layoutxitem2">
      <left>658</left>
      <top>0</top>
      <width>658</width>
      <height>719</height>
      <backgroundColor>E0E0E0</backgroundColor>
    </control>
    <control type="Panel" pathname="/divRoot/layoutx1/layoutxitem2/panel1">
      <left>0</left>
      <top>58</top>
      <width>536</width>
      <height>58</height>
      <dockX>left</dockX>
      <text>拒绝访问 Access Denied</text>
      <fontFamily>Arial</fontFamily>
      <fontSize>20</fontSize>
      <fontColor>800000</fontColor>
      <fontBold>true</fontBold>
      <hAlign>left</hAlign>
    </control>
    <control type="Panel" pathname="/divRoot/layoutx1/layoutxitem2/panel1/panel2">
      <left>0</left>
      <top>56</top>
      <width>536</width>
      <height>2</height>
      <dockX>fill</dockX>
      <dockY>bottom</dockY>
      <backgroundColor>800000</backgroundColor>
      <bgColorEnabled>true</bgColorEnabled>
    </control>
    <control type="Panel" pathname="/divRoot/layoutx1/layoutxitem2/panel3">
      <left>41</left>
      <top>121</top>
      <width>457</width>
      <height>292</height>
      <text>抱歉，您访问的页面仅对特定的登录用户开放。

遇到上述问题，请尝试以下办法进行解决：

● 注册公司内部账号

● 成为众烁企业合作伙伴并获取厂商账号

● 联系管理员获得特定页面或者功能的访问权限

● 获取积分获得更高的访问权限

● 如果您已经拥有了有效的账户，请访问登录界面重新登录
</text>
      <fontSize>12</fontSize>
      <fontColor>404040</fontColor>
      <hAlign>left</hAlign>
    </control>
  </controls>
  <sqlResultSet count="0" />
  <taskSet count="0" />
  <gridLines count="0" />
</page>