<page>
  <controls count="9">
    <control type="DivRoot" pathname="/divRoot">
      <left>0</left>
      <top>0</top>
      <width>899</width>
      <height>622</height>
      <backgroundColor>ffffff</backgroundColor>
      <bgColorEnabled>true</bgColorEnabled>
      <backgroundImg>登录页面2.jpg</backgroundImg>
      <backgroundImgMode>normal</backgroundImgMode>
    </control>
    <control type="Panel" pathname="/divRoot/panel1">
      <left>533</left>
      <top>236</top>
      <width>339</width>
      <height>170</height>
      <backgroundImg>cp0000.jpg</backgroundImg>
      <backgroundImgMode>stretch</backgroundImgMode>
    </control>
    <control type="Panel" pathname="/divRoot/panel1/panel3">
      <left>21</left>
      <top>92</top>
      <width>59</width>
      <height>21</height>
      <text>用户名</text>
      <fontBold>true</fontBold>
    </control>
    <control type="Panel" pathname="/divRoot/panel1/panel4">
      <left>21</left>
      <top>124</top>
      <width>59</width>
      <height>21</height>
      <text>密码</text>
      <fontBold>true</fontBold>
    </control>
    <control type="Edit" pathname="/divRoot/panel1/edit1">
      <left>95</left>
      <top>92</top>
      <width>178</width>
      <height>21</height>
      <backgroundSkin>edit1</backgroundSkin>
    </control>
    <control type="Edit" pathname="/divRoot/panel1/edit2">
      <left>95</left>
      <top>124</top>
      <width>178</width>
      <height>21</height>
      <backgroundSkin>edit1</backgroundSkin>
      <inputPassword>true</inputPassword>
    </control>
    <control type="Panel" pathname="/divRoot/panel2">
      <left>533</left>
      <top>410</top>
      <width>339</width>
      <height>52</height>
      <backgroundImg>cp0000.jpg</backgroundImg>
      <backgroundImgMode>stretch</backgroundImgMode>
    </control>
    <control type="Link" pathname="/divRoot/panel2/link1">
      <left>168</left>
      <top>13</top>
      <width>106</width>
      <height>31</height>
      <backgroundSkin>skin1000</backgroundSkin>
      <text>登 录</text>
      <fontBold>true</fontBold>
    </control>
    <control type="Panel" pathname="/divRoot/panel5">
      <left>537</left>
      <top>239</top>
      <width>278</width>
      <height>79</height>
      <backgroundImg>cp0001.jpg</backgroundImg>
      <backgroundImgMode>fill</backgroundImgMode>
    </control>
  </controls>
  <sqlResultSet count="0" />
  <taskSet count="0" />
  <gridLines count="0" />
</page>