<EBProj>
  <projectName>QRTomahawk验证关口</projectName>
  <projectItems count="9">
    <page pathname="/main" />
    <image pathname="/main/for.gif" />
    <page pathname="/user/shyuanxiang" />
    <image pathname="/user/shyuanxiang/q1.jpg" />
    <image pathname="/user/shyuanxiang/q2.jpg" />
    <image pathname="/user/shyuanxiang/q3.jpg" />
    <image pathname="/user/shyuanxiang/q4.jpg" />
    <page pathname="/user/shyuanxiang/aaa" />
    <image pathname="/user/shyuanxiang/aaa/1.jpg" />
  </projectItems>
  <dbConnections count="1">
    <connection name="QR">
      <connectionString>DSN=QR;UID=sa;PWD=1qazxsw2;</connectionString>
    </connection>
  </dbConnections>
</EBProj>