<page>
  <controls count="106">
    <control type="DivRoot" pathname="/divRoot">
      <left>0</left>
      <top>0</top>
      <width>1358</width>
      <height>719</height>
      <dockX>fill</dockX>
      <dockY>fill</dockY>
      <backgroundColor>ffffff</backgroundColor>
      <bgColorEnabled>true</bgColorEnabled>
      <backgroundImg>xz_bn.png</backgroundImg>
      <onControlLoad><![CDATA[<%
if (session.get("username").length == 0) {
    response.redirect("ee.aspx?_L_=/qrUserCenter/hint/login");
}
%>

g5.pageSize = 15;
g5.pageCurrent = 1;
g5.pageCount = 1;
g5.pageJump = function (pageNumber) {
    if (pageNumber<1) pageNumber = 1;
    if (pageNumber>g5.pageCount) {
        pageNumber = g5.pageCount;
    }
    if (g5.pageCurrent!=pageNumber) {
        g5.pageCurrent = pageNumber;
        if (g5.pageCurrent>0) {
            query();
        }
    }
}

query();]]></onControlLoad>
    </control>
    <control type="LayoutY" pathname="/divRoot/layouty1">
      <left>10</left>
      <top>10</top>
      <width>1338</width>
      <height>699</height>
      <dockX>fill</dockX>
      <dockY>fill</dockY>
      <outerLeft>10</outerLeft>
      <outerRight>10</outerRight>
      <outerTop>10</outerTop>
      <outerBottom>10</outerBottom>
    </control>
    <control type="LayoutYItem" pathname="/divRoot/layouty1/layoutyitem1">
      <left>0</left>
      <top>0</top>
      <width>1338</width>
      <height>40</height>
      <backgroundColor>f0f0f0</backgroundColor>
      <heavyEnabled>false</heavyEnabled>
    </control>
    <control type="LayoutX" pathname="/divRoot/layouty1/layoutyitem1/layoutx2">
      <left>14</left>
      <top>0</top>
      <width>216</width>
      <height>28</height>
      <dockY>top</dockY>
      <fieldCount>2</fieldCount>
    </control>
    <control type="LayoutXItem" pathname="/divRoot/layouty1/layoutyitem1/layoutx2/layoutxitem3">
      <left>0</left>
      <top>0</top>
      <width>73</width>
      <height>28</height>
      <backgroundColor>008080</backgroundColor>
      <bgColorEnabled>true</bgColorEnabled>
      <text>批号</text>
      <fontColor>FFFFFF</fontColor>
      <heavyEnabled>false</heavyEnabled>
    </control>
    <control type="LayoutXItem" pathname="/divRoot/layouty1/layoutyitem1/layoutx2/layoutxitem4">
      <left>73</left>
      <top>0</top>
      <width>143</width>
      <height>28</height>
      <backgroundColor>d0d0d0</backgroundColor>
    </control>
    <control type="Edit" pathname="/divRoot/layouty1/layoutyitem1/layoutx2/layoutxitem4/edit1">
      <left>0</left>
      <top>0</top>
      <width>143</width>
      <height>28</height>
      <dockX>fill</dockX>
      <dockY>fill</dockY>
      <backgroundSkin>edit1</backgroundSkin>
    </control>
    <control type="LayoutX" pathname="/divRoot/layouty1/layoutyitem1/layoutx4">
      <left>242</left>
      <top>0</top>
      <width>216</width>
      <height>28</height>
      <dockY>top</dockY>
      <fieldCount>2</fieldCount>
    </control>
    <control type="LayoutXItem" pathname="/divRoot/layouty1/layoutyitem1/layoutx4/layoutxitem7">
      <left>0</left>
      <top>0</top>
      <width>73</width>
      <height>28</height>
      <backgroundColor>008080</backgroundColor>
      <bgColorEnabled>true</bgColorEnabled>
      <text>起始序号</text>
      <fontColor>FFFFFF</fontColor>
      <heavyEnabled>false</heavyEnabled>
    </control>
    <control type="LayoutXItem" pathname="/divRoot/layouty1/layoutyitem1/layoutx4/layoutxitem8">
      <left>73</left>
      <top>0</top>
      <width>143</width>
      <height>28</height>
      <backgroundColor>d0d0d0</backgroundColor>
    </control>
    <control type="Edit" pathname="/divRoot/layouty1/layoutyitem1/layoutx4/layoutxitem8/edit3">
      <left>0</left>
      <top>0</top>
      <width>143</width>
      <height>28</height>
      <dockX>fill</dockX>
      <dockY>fill</dockY>
      <backgroundSkin>edit1</backgroundSkin>
    </control>
    <control type="LayoutX" pathname="/divRoot/layouty1/layoutyitem1/layoutx5">
      <left>470</left>
      <top>0</top>
      <width>216</width>
      <height>28</height>
      <dockY>top</dockY>
      <fieldCount>2</fieldCount>
    </control>
    <control type="LayoutXItem" pathname="/divRoot/layouty1/layoutyitem1/layoutx5/layoutxitem9">
      <left>0</left>
      <top>0</top>
      <width>73</width>
      <height>28</height>
      <backgroundColor>008080</backgroundColor>
      <bgColorEnabled>true</bgColorEnabled>
      <text>结束序号</text>
      <fontColor>FFFFFF</fontColor>
      <heavyEnabled>false</heavyEnabled>
    </control>
    <control type="LayoutXItem" pathname="/divRoot/layouty1/layoutyitem1/layoutx5/layoutxitem10">
      <left>73</left>
      <top>0</top>
      <width>143</width>
      <height>28</height>
      <backgroundColor>d0d0d0</backgroundColor>
    </control>
    <control type="Edit" pathname="/divRoot/layouty1/layoutyitem1/layoutx5/layoutxitem10/edit4">
      <left>0</left>
      <top>0</top>
      <width>143</width>
      <height>28</height>
      <dockX>fill</dockX>
      <dockY>fill</dockY>
      <backgroundSkin>edit1</backgroundSkin>
    </control>
    <control type="Panel" pathname="/divRoot/layouty1/layoutyitem1/panel1">
      <left>711</left>
      <top>0</top>
      <width>97</width>
      <height>29</height>
      <dockY>top</dockY>
      <backgroundColor>008080</backgroundColor>
      <bgColorEnabled>true</bgColorEnabled>
      <text>搜 索</text>
      <fontColor>FFFFFF</fontColor>
      <cursor>pointer</cursor>
      <onClick>g5.pageCurrent = 1;
query();
</onClick>
    </control>
    <control type="LayoutYItem" pathname="/divRoot/layouty1/layoutyitem2">
      <left>0</left>
      <top>40</top>
      <width>1338</width>
      <height>624</height>
      <backgroundColor>d0d0d0</backgroundColor>
    </control>
    <control type="TableTitle" pathname="/divRoot/layouty1/layoutyitem2/tabletitle1">
      <left>0</left>
      <top>0</top>
      <width>1338</width>
      <height>28</height>
      <dockX>fill</dockX>
      <dockY>fill</dockY>
      <columnCount>5</columnCount>
      <tableBody>tablebody1</tableBody>
    </control>
    <control type="TableTitleItem" pathname="/divRoot/layouty1/layoutyitem2/tabletitle1/tabletitleitem1">
      <left>0</left>
      <top>0</top>
      <width>149</width>
      <height>28</height>
      <backgroundColor>f0f0f0</backgroundColor>
      <backgroundSkin>body2a</backgroundSkin>
      <text>批号</text>
      <fontColor>008080</fontColor>
      <fontBold>true</fontBold>
      <heavy>50</heavy>
    </control>
    <control type="TableTitleItem" pathname="/divRoot/layouty1/layoutyitem2/tabletitle1/tabletitleitem2">
      <left>149</left>
      <top>0</top>
      <width>297</width>
      <height>28</height>
      <backgroundColor>d0d0d0</backgroundColor>
      <backgroundSkin>body2a</backgroundSkin>
      <text>购买时间</text>
      <fontColor>008080</fontColor>
      <fontBold>true</fontBold>
    </control>
    <control type="TableTitleItem" pathname="/divRoot/layouty1/layoutyitem2/tabletitle1/tabletitleitem3">
      <left>446</left>
      <top>0</top>
      <width>297</width>
      <height>28</height>
      <backgroundColor>f0f0f0</backgroundColor>
      <backgroundSkin>body2a</backgroundSkin>
      <text>数量</text>
      <fontColor>008080</fontColor>
      <fontBold>true</fontBold>
    </control>
    <control type="TableTitleItem" pathname="/divRoot/layouty1/layoutyitem2/tabletitle1/tabletitleitem4">
      <left>743</left>
      <top>0</top>
      <width>298</width>
      <height>28</height>
      <backgroundColor>d0d0d0</backgroundColor>
      <backgroundSkin>body2a</backgroundSkin>
      <text>起始序号</text>
      <fontColor>008080</fontColor>
      <fontBold>true</fontBold>
    </control>
    <control type="TableTitleItem" pathname="/divRoot/layouty1/layoutyitem2/tabletitle1/tabletitleitem5">
      <left>1041</left>
      <top>0</top>
      <width>297</width>
      <height>28</height>
      <backgroundColor>f0f0f0</backgroundColor>
      <backgroundSkin>body2a</backgroundSkin>
      <text>结束序号</text>
      <fontColor>008080</fontColor>
      <fontBold>true</fontBold>
    </control>
    <control type="TableBody" pathname="/divRoot/layouty1/layoutyitem2/tablebody1">
      <left>0</left>
      <top>28</top>
      <width>1338</width>
      <height>596</height>
      <rowCount>15</rowCount>
      <tableTitle>tabletitle1</tableTitle>
    </control>
    <control type="TableBodyItem" pathname="/divRoot/layouty1/layoutyitem2/tablebody1/tablebodyitem1">
      <left>0</left>
      <top>0</top>
      <width>149</width>
      <height>40</height>
      <backgroundColor>f0f0f0</backgroundColor>
      <text>.</text>
      <fontColor>008080</fontColor>
    </control>
    <control type="TableBodyItem" pathname="/divRoot/layouty1/layoutyitem2/tablebody1/tablebodyitem2">
      <left>149</left>
      <top>0</top>
      <width>297</width>
      <height>40</height>
      <backgroundColor>d0d0d0</backgroundColor>
      <text>.</text>
      <fontColor>008080</fontColor>
    </control>
    <control type="TableBodyItem" pathname="/divRoot/layouty1/layoutyitem2/tablebody1/tablebodyitem3">
      <left>446</left>
      <top>0</top>
      <width>297</width>
      <height>40</height>
      <backgroundColor>f0f0f0</backgroundColor>
      <text>.</text>
      <fontColor>008080</fontColor>
    </control>
    <control type="TableBodyItem" pathname="/divRoot/layouty1/layoutyitem2/tablebody1/tablebodyitem4">
      <left>743</left>
      <top>0</top>
      <width>298</width>
      <height>40</height>
      <backgroundColor>d0d0d0</backgroundColor>
      <text>.</text>
      <fontColor>008080</fontColor>
    </control>
    <control type="TableBodyItem" pathname="/divRoot/layouty1/layoutyitem2/tablebody1/tablebodyitem5">
      <left>1041</left>
      <top>0</top>
      <width>297</width>
      <height>40</height>
      <backgroundColor>f0f0f0</backgroundColor>
      <text>.</text>
      <fontColor>008080</fontColor>
    </control>
    <control type="Panel" pathname="/divRoot/layouty1/layoutyitem2/tablebody1/temp85">
      <left>0</left>
      <top>40</top>
      <width>149</width>
      <height>39</height>
      <backgroundColor>f0f0f0</backgroundColor>
      <text>.</text>
      <fontColor>008080</fontColor>
    </control>
    <control type="Panel" pathname="/divRoot/layouty1/layoutyitem2/tablebody1/temp86">
      <left>149</left>
      <top>40</top>
      <width>297</width>
      <height>39</height>
      <backgroundColor>d0d0d0</backgroundColor>
      <text>.</text>
      <fontColor>008080</fontColor>
    </control>
    <control type="Panel" pathname="/divRoot/layouty1/layoutyitem2/tablebody1/temp87">
      <left>446</left>
      <top>40</top>
      <width>297</width>
      <height>39</height>
      <backgroundColor>f0f0f0</backgroundColor>
      <text>.</text>
      <fontColor>008080</fontColor>
    </control>
    <control type="Panel" pathname="/divRoot/layouty1/layoutyitem2/tablebody1/temp88">
      <left>743</left>
      <top>40</top>
      <width>298</width>
      <height>39</height>
      <backgroundColor>d0d0d0</backgroundColor>
      <text>.</text>
      <fontColor>008080</fontColor>
    </control>
    <control type="Panel" pathname="/divRoot/layouty1/layoutyitem2/tablebody1/temp89">
      <left>1041</left>
      <top>40</top>
      <width>297</width>
      <height>39</height>
      <backgroundColor>f0f0f0</backgroundColor>
      <text>.</text>
      <fontColor>008080</fontColor>
    </control>
    <control type="Panel" pathname="/divRoot/layouty1/layoutyitem2/tablebody1/temp90">
      <left>0</left>
      <top>79</top>
      <width>149</width>
      <height>40</height>
      <backgroundColor>f0f0f0</backgroundColor>
      <text>.</text>
      <fontColor>008080</fontColor>
    </control>
    <control type="Panel" pathname="/divRoot/layouty1/layoutyitem2/tablebody1/temp91">
      <left>149</left>
      <top>79</top>
      <width>297</width>
      <height>40</height>
      <backgroundColor>d0d0d0</backgroundColor>
      <text>.</text>
      <fontColor>008080</fontColor>
    </control>
    <control type="Panel" pathname="/divRoot/layouty1/layoutyitem2/tablebody1/temp92">
      <left>446</left>
      <top>79</top>
      <width>297</width>
      <height>40</height>
      <backgroundColor>f0f0f0</backgroundColor>
      <text>.</text>
      <fontColor>008080</fontColor>
    </control>
    <control type="Panel" pathname="/divRoot/layouty1/layoutyitem2/tablebody1/temp93">
      <left>743</left>
      <top>79</top>
      <width>298</width>
      <height>40</height>
      <backgroundColor>d0d0d0</backgroundColor>
      <text>.</text>
      <fontColor>008080</fontColor>
    </control>
    <control type="Panel" pathname="/divRoot/layouty1/layoutyitem2/tablebody1/temp94">
      <left>1041</left>
      <top>79</top>
      <width>297</width>
      <height>40</height>
      <backgroundColor>f0f0f0</backgroundColor>
      <text>.</text>
      <fontColor>008080</fontColor>
    </control>
    <control type="Panel" pathname="/divRoot/layouty1/layoutyitem2/tablebody1/temp95">
      <left>0</left>
      <top>119</top>
      <width>149</width>
      <height>40</height>
      <backgroundColor>f0f0f0</backgroundColor>
      <text>.</text>
      <fontColor>008080</fontColor>
    </control>
    <control type="Panel" pathname="/divRoot/layouty1/layoutyitem2/tablebody1/temp96">
      <left>149</left>
      <top>119</top>
      <width>297</width>
      <height>40</height>
      <backgroundColor>d0d0d0</backgroundColor>
      <text>.</text>
      <fontColor>008080</fontColor>
    </control>
    <control type="Panel" pathname="/divRoot/layouty1/layoutyitem2/tablebody1/temp97">
      <left>446</left>
      <top>119</top>
      <width>297</width>
      <height>40</height>
      <backgroundColor>f0f0f0</backgroundColor>
      <text>.</text>
      <fontColor>008080</fontColor>
    </control>
    <control type="Panel" pathname="/divRoot/layouty1/layoutyitem2/tablebody1/temp98">
      <left>743</left>
      <top>119</top>
      <width>298</width>
      <height>40</height>
      <backgroundColor>d0d0d0</backgroundColor>
      <text>.</text>
      <fontColor>008080</fontColor>
    </control>
    <control type="Panel" pathname="/divRoot/layouty1/layoutyitem2/tablebody1/temp99">
      <left>1041</left>
      <top>119</top>
      <width>297</width>
      <height>40</height>
      <backgroundColor>f0f0f0</backgroundColor>
      <text>.</text>
      <fontColor>008080</fontColor>
    </control>
    <control type="Panel" pathname="/divRoot/layouty1/layoutyitem2/tablebody1/temp100">
      <left>0</left>
      <top>159</top>
      <width>149</width>
      <height>40</height>
      <backgroundColor>f0f0f0</backgroundColor>
      <text>.</text>
      <fontColor>008080</fontColor>
    </control>
    <control type="Panel" pathname="/divRoot/layouty1/layoutyitem2/tablebody1/temp101">
      <left>149</left>
      <top>159</top>
      <width>297</width>
      <height>40</height>
      <backgroundColor>d0d0d0</backgroundColor>
      <text>.</text>
      <fontColor>008080</fontColor>
    </control>
    <control type="Panel" pathname="/divRoot/layouty1/layoutyitem2/tablebody1/temp102">
      <left>446</left>
      <top>159</top>
      <width>297</width>
      <height>40</height>
      <backgroundColor>f0f0f0</backgroundColor>
      <text>.</text>
      <fontColor>008080</fontColor>
    </control>
    <control type="Panel" pathname="/divRoot/layouty1/layoutyitem2/tablebody1/temp103">
      <left>743</left>
      <top>159</top>
      <width>298</width>
      <height>40</height>
      <backgroundColor>d0d0d0</backgroundColor>
      <text>.</text>
      <fontColor>008080</fontColor>
    </control>
    <control type="Panel" pathname="/divRoot/layouty1/layoutyitem2/tablebody1/temp104">
      <left>1041</left>
      <top>159</top>
      <width>297</width>
      <height>40</height>
      <backgroundColor>f0f0f0</backgroundColor>
      <text>.</text>
      <fontColor>008080</fontColor>
    </control>
    <control type="Panel" pathname="/divRoot/layouty1/layoutyitem2/tablebody1/temp105">
      <left>0</left>
      <top>199</top>
      <width>149</width>
      <height>39</height>
      <backgroundColor>f0f0f0</backgroundColor>
      <text>.</text>
      <fontColor>008080</fontColor>
    </control>
    <control type="Panel" pathname="/divRoot/layouty1/layoutyitem2/tablebody1/temp106">
      <left>149</left>
      <top>199</top>
      <width>297</width>
      <height>39</height>
      <backgroundColor>d0d0d0</backgroundColor>
      <text>.</text>
      <fontColor>008080</fontColor>
    </control>
    <control type="Panel" pathname="/divRoot/layouty1/layoutyitem2/tablebody1/temp107">
      <left>446</left>
      <top>199</top>
      <width>297</width>
      <height>39</height>
      <backgroundColor>f0f0f0</backgroundColor>
      <text>.</text>
      <fontColor>008080</fontColor>
    </control>
    <control type="Panel" pathname="/divRoot/layouty1/layoutyitem2/tablebody1/temp108">
      <left>743</left>
      <top>199</top>
      <width>298</width>
      <height>39</height>
      <backgroundColor>d0d0d0</backgroundColor>
      <text>.</text>
      <fontColor>008080</fontColor>
    </control>
    <control type="Panel" pathname="/divRoot/layouty1/layoutyitem2/tablebody1/temp109">
      <left>1041</left>
      <top>199</top>
      <width>297</width>
      <height>39</height>
      <backgroundColor>f0f0f0</backgroundColor>
      <text>.</text>
      <fontColor>008080</fontColor>
    </control>
    <control type="Panel" pathname="/divRoot/layouty1/layoutyitem2/tablebody1/temp110">
      <left>0</left>
      <top>238</top>
      <width>149</width>
      <height>40</height>
      <backgroundColor>f0f0f0</backgroundColor>
      <text>.</text>
      <fontColor>008080</fontColor>
    </control>
    <control type="Panel" pathname="/divRoot/layouty1/layoutyitem2/tablebody1/temp111">
      <left>149</left>
      <top>238</top>
      <width>297</width>
      <height>40</height>
      <backgroundColor>d0d0d0</backgroundColor>
      <text>.</text>
      <fontColor>008080</fontColor>
    </control>
    <control type="Panel" pathname="/divRoot/layouty1/layoutyitem2/tablebody1/temp112">
      <left>446</left>
      <top>238</top>
      <width>297</width>
      <height>40</height>
      <backgroundColor>f0f0f0</backgroundColor>
      <text>.</text>
      <fontColor>008080</fontColor>
    </control>
    <control type="Panel" pathname="/divRoot/layouty1/layoutyitem2/tablebody1/temp113">
      <left>743</left>
      <top>238</top>
      <width>298</width>
      <height>40</height>
      <backgroundColor>d0d0d0</backgroundColor>
      <text>.</text>
      <fontColor>008080</fontColor>
    </control>
    <control type="Panel" pathname="/divRoot/layouty1/layoutyitem2/tablebody1/temp114">
      <left>1041</left>
      <top>238</top>
      <width>297</width>
      <height>40</height>
      <backgroundColor>f0f0f0</backgroundColor>
      <text>.</text>
      <fontColor>008080</fontColor>
    </control>
    <control type="Panel" pathname="/divRoot/layouty1/layoutyitem2/tablebody1/temp115">
      <left>0</left>
      <top>278</top>
      <width>149</width>
      <height>40</height>
      <backgroundColor>f0f0f0</backgroundColor>
      <text>.</text>
      <fontColor>008080</fontColor>
    </control>
    <control type="Panel" pathname="/divRoot/layouty1/layoutyitem2/tablebody1/temp116">
      <left>149</left>
      <top>278</top>
      <width>297</width>
      <height>40</height>
      <backgroundColor>d0d0d0</backgroundColor>
      <text>.</text>
      <fontColor>008080</fontColor>
    </control>
    <control type="Panel" pathname="/divRoot/layouty1/layoutyitem2/tablebody1/temp117">
      <left>446</left>
      <top>278</top>
      <width>297</width>
      <height>40</height>
      <backgroundColor>f0f0f0</backgroundColor>
      <text>.</text>
      <fontColor>008080</fontColor>
    </control>
    <control type="Panel" pathname="/divRoot/layouty1/layoutyitem2/tablebody1/temp118">
      <left>743</left>
      <top>278</top>
      <width>298</width>
      <height>40</height>
      <backgroundColor>d0d0d0</backgroundColor>
      <text>.</text>
      <fontColor>008080</fontColor>
    </control>
    <control type="Panel" pathname="/divRoot/layouty1/layoutyitem2/tablebody1/temp119">
      <left>1041</left>
      <top>278</top>
      <width>297</width>
      <height>40</height>
      <backgroundColor>f0f0f0</backgroundColor>
      <text>.</text>
      <fontColor>008080</fontColor>
    </control>
    <control type="Panel" pathname="/divRoot/layouty1/layoutyitem2/tablebody1/temp120">
      <left>0</left>
      <top>318</top>
      <width>149</width>
      <height>40</height>
      <backgroundColor>f0f0f0</backgroundColor>
      <text>.</text>
      <fontColor>008080</fontColor>
    </control>
    <control type="Panel" pathname="/divRoot/layouty1/layoutyitem2/tablebody1/temp121">
      <left>149</left>
      <top>318</top>
      <width>297</width>
      <height>40</height>
      <backgroundColor>d0d0d0</backgroundColor>
      <text>.</text>
      <fontColor>008080</fontColor>
    </control>
    <control type="Panel" pathname="/divRoot/layouty1/layoutyitem2/tablebody1/temp122">
      <left>446</left>
      <top>318</top>
      <width>297</width>
      <height>40</height>
      <backgroundColor>f0f0f0</backgroundColor>
      <text>.</text>
      <fontColor>008080</fontColor>
    </control>
    <control type="Panel" pathname="/divRoot/layouty1/layoutyitem2/tablebody1/temp123">
      <left>743</left>
      <top>318</top>
      <width>298</width>
      <height>40</height>
      <backgroundColor>d0d0d0</backgroundColor>
      <text>.</text>
      <fontColor>008080</fontColor>
    </control>
    <control type="Panel" pathname="/divRoot/layouty1/layoutyitem2/tablebody1/temp124">
      <left>1041</left>
      <top>318</top>
      <width>297</width>
      <height>40</height>
      <backgroundColor>f0f0f0</backgroundColor>
      <text>.</text>
      <fontColor>008080</fontColor>
    </control>
    <control type="Panel" pathname="/divRoot/layouty1/layoutyitem2/tablebody1/temp125">
      <left>0</left>
      <top>358</top>
      <width>149</width>
      <height>39</height>
      <backgroundColor>f0f0f0</backgroundColor>
      <text>.</text>
      <fontColor>008080</fontColor>
    </control>
    <control type="Panel" pathname="/divRoot/layouty1/layoutyitem2/tablebody1/temp126">
      <left>149</left>
      <top>358</top>
      <width>297</width>
      <height>39</height>
      <backgroundColor>d0d0d0</backgroundColor>
      <text>.</text>
      <fontColor>008080</fontColor>
    </control>
    <control type="Panel" pathname="/divRoot/layouty1/layoutyitem2/tablebody1/temp127">
      <left>446</left>
      <top>358</top>
      <width>297</width>
      <height>39</height>
      <backgroundColor>f0f0f0</backgroundColor>
      <text>.</text>
      <fontColor>008080</fontColor>
    </control>
    <control type="Panel" pathname="/divRoot/layouty1/layoutyitem2/tablebody1/temp128">
      <left>743</left>
      <top>358</top>
      <width>298</width>
      <height>39</height>
      <backgroundColor>d0d0d0</backgroundColor>
      <text>.</text>
      <fontColor>008080</fontColor>
    </control>
    <control type="Panel" pathname="/divRoot/layouty1/layoutyitem2/tablebody1/temp129">
      <left>1041</left>
      <top>358</top>
      <width>297</width>
      <height>39</height>
      <backgroundColor>f0f0f0</backgroundColor>
      <text>.</text>
      <fontColor>008080</fontColor>
    </control>
    <control type="Panel" pathname="/divRoot/layouty1/layoutyitem2/tablebody1/temp130">
      <left>0</left>
      <top>397</top>
      <width>149</width>
      <height>40</height>
      <backgroundColor>f0f0f0</backgroundColor>
      <text>.</text>
      <fontColor>008080</fontColor>
    </control>
    <control type="Panel" pathname="/divRoot/layouty1/layoutyitem2/tablebody1/temp131">
      <left>149</left>
      <top>397</top>
      <width>297</width>
      <height>40</height>
      <backgroundColor>d0d0d0</backgroundColor>
      <text>.</text>
      <fontColor>008080</fontColor>
    </control>
    <control type="Panel" pathname="/divRoot/layouty1/layoutyitem2/tablebody1/temp132">
      <left>446</left>
      <top>397</top>
      <width>297</width>
      <height>40</height>
      <backgroundColor>f0f0f0</backgroundColor>
      <text>.</text>
      <fontColor>008080</fontColor>
    </control>
    <control type="Panel" pathname="/divRoot/layouty1/layoutyitem2/tablebody1/temp133">
      <left>743</left>
      <top>397</top>
      <width>298</width>
      <height>40</height>
      <backgroundColor>d0d0d0</backgroundColor>
      <text>.</text>
      <fontColor>008080</fontColor>
    </control>
    <control type="Panel" pathname="/divRoot/layouty1/layoutyitem2/tablebody1/temp134">
      <left>1041</left>
      <top>397</top>
      <width>297</width>
      <height>40</height>
      <backgroundColor>f0f0f0</backgroundColor>
      <text>.</text>
      <fontColor>008080</fontColor>
    </control>
    <control type="Panel" pathname="/divRoot/layouty1/layoutyitem2/tablebody1/temp135">
      <left>0</left>
      <top>437</top>
      <width>149</width>
      <height>40</height>
      <backgroundColor>f0f0f0</backgroundColor>
      <text>.</text>
      <fontColor>008080</fontColor>
    </control>
    <control type="Panel" pathname="/divRoot/layouty1/layoutyitem2/tablebody1/temp136">
      <left>149</left>
      <top>437</top>
      <width>297</width>
      <height>40</height>
      <backgroundColor>d0d0d0</backgroundColor>
      <text>.</text>
      <fontColor>008080</fontColor>
    </control>
    <control type="Panel" pathname="/divRoot/layouty1/layoutyitem2/tablebody1/temp137">
      <left>446</left>
      <top>437</top>
      <width>297</width>
      <height>40</height>
      <backgroundColor>f0f0f0</backgroundColor>
      <text>.</text>
      <fontColor>008080</fontColor>
    </control>
    <control type="Panel" pathname="/divRoot/layouty1/layoutyitem2/tablebody1/temp138">
      <left>743</left>
      <top>437</top>
      <width>298</width>
      <height>40</height>
      <backgroundColor>d0d0d0</backgroundColor>
      <text>.</text>
      <fontColor>008080</fontColor>
    </control>
    <control type="Panel" pathname="/divRoot/layouty1/layoutyitem2/tablebody1/temp139">
      <left>1041</left>
      <top>437</top>
      <width>297</width>
      <height>40</height>
      <backgroundColor>f0f0f0</backgroundColor>
      <text>.</text>
      <fontColor>008080</fontColor>
    </control>
    <control type="Panel" pathname="/divRoot/layouty1/layoutyitem2/tablebody1/temp140">
      <left>0</left>
      <top>477</top>
      <width>149</width>
      <height>40</height>
      <backgroundColor>f0f0f0</backgroundColor>
      <text>.</text>
      <fontColor>008080</fontColor>
    </control>
    <control type="Panel" pathname="/divRoot/layouty1/layoutyitem2/tablebody1/temp141">
      <left>149</left>
      <top>477</top>
      <width>297</width>
      <height>40</height>
      <backgroundColor>d0d0d0</backgroundColor>
      <text>.</text>
      <fontColor>008080</fontColor>
    </control>
    <control type="Panel" pathname="/divRoot/layouty1/layoutyitem2/tablebody1/temp142">
      <left>446</left>
      <top>477</top>
      <width>297</width>
      <height>40</height>
      <backgroundColor>f0f0f0</backgroundColor>
      <text>.</text>
      <fontColor>008080</fontColor>
    </control>
    <control type="Panel" pathname="/divRoot/layouty1/layoutyitem2/tablebody1/temp143">
      <left>743</left>
      <top>477</top>
      <width>298</width>
      <height>40</height>
      <backgroundColor>d0d0d0</backgroundColor>
      <text>.</text>
      <fontColor>008080</fontColor>
    </control>
    <control type="Panel" pathname="/divRoot/layouty1/layoutyitem2/tablebody1/temp144">
      <left>1041</left>
      <top>477</top>
      <width>297</width>
      <height>40</height>
      <backgroundColor>f0f0f0</backgroundColor>
      <text>.</text>
      <fontColor>008080</fontColor>
    </control>
    <control type="Panel" pathname="/divRoot/layouty1/layoutyitem2/tablebody1/temp145">
      <left>0</left>
      <top>517</top>
      <width>149</width>
      <height>39</height>
      <backgroundColor>f0f0f0</backgroundColor>
      <text>.</text>
      <fontColor>008080</fontColor>
    </control>
    <control type="Panel" pathname="/divRoot/layouty1/layoutyitem2/tablebody1/temp146">
      <left>149</left>
      <top>517</top>
      <width>297</width>
      <height>39</height>
      <backgroundColor>d0d0d0</backgroundColor>
      <text>.</text>
      <fontColor>008080</fontColor>
    </control>
    <control type="Panel" pathname="/divRoot/layouty1/layoutyitem2/tablebody1/temp147">
      <left>446</left>
      <top>517</top>
      <width>297</width>
      <height>39</height>
      <backgroundColor>f0f0f0</backgroundColor>
      <text>.</text>
      <fontColor>008080</fontColor>
    </control>
    <control type="Panel" pathname="/divRoot/layouty1/layoutyitem2/tablebody1/temp148">
      <left>743</left>
      <top>517</top>
      <width>298</width>
      <height>39</height>
      <backgroundColor>d0d0d0</backgroundColor>
      <text>.</text>
      <fontColor>008080</fontColor>
    </control>
    <control type="Panel" pathname="/divRoot/layouty1/layoutyitem2/tablebody1/temp149">
      <left>1041</left>
      <top>517</top>
      <width>297</width>
      <height>39</height>
      <backgroundColor>f0f0f0</backgroundColor>
      <text>.</text>
      <fontColor>008080</fontColor>
    </control>
    <control type="Panel" pathname="/divRoot/layouty1/layoutyitem2/tablebody1/temp150">
      <left>0</left>
      <top>556</top>
      <width>149</width>
      <height>40</height>
      <backgroundColor>f0f0f0</backgroundColor>
      <text>.</text>
      <fontColor>008080</fontColor>
    </control>
    <control type="Panel" pathname="/divRoot/layouty1/layoutyitem2/tablebody1/temp151">
      <left>149</left>
      <top>556</top>
      <width>297</width>
      <height>40</height>
      <backgroundColor>d0d0d0</backgroundColor>
      <text>.</text>
      <fontColor>008080</fontColor>
    </control>
    <control type="Panel" pathname="/divRoot/layouty1/layoutyitem2/tablebody1/temp152">
      <left>446</left>
      <top>556</top>
      <width>297</width>
      <height>40</height>
      <backgroundColor>f0f0f0</backgroundColor>
      <text>.</text>
      <fontColor>008080</fontColor>
    </control>
    <control type="Panel" pathname="/divRoot/layouty1/layoutyitem2/tablebody1/temp153">
      <left>743</left>
      <top>556</top>
      <width>298</width>
      <height>40</height>
      <backgroundColor>d0d0d0</backgroundColor>
      <text>.</text>
      <fontColor>008080</fontColor>
    </control>
    <control type="Panel" pathname="/divRoot/layouty1/layoutyitem2/tablebody1/temp154">
      <left>1041</left>
      <top>556</top>
      <width>297</width>
      <height>40</height>
      <backgroundColor>f0f0f0</backgroundColor>
      <text>.</text>
      <fontColor>008080</fontColor>
    </control>
    <control type="LayoutYItem" pathname="/divRoot/layouty1/layoutyitem3">
      <left>0</left>
      <top>664</top>
      <width>1338</width>
      <height>35</height>
      <backgroundColor>f0f0f0</backgroundColor>
      <heavyEnabled>false</heavyEnabled>
    </control>
    <control type="LayoutX" pathname="/divRoot/layouty1/layoutyitem3/layoutx1">
      <left>525</left>
      <top>0</top>
      <width>287</width>
      <height>31</height>
      <dockX>center</dockX>
      <dockY>top</dockY>
    </control>
    <control type="LayoutXItem" pathname="/divRoot/layouty1/layoutyitem3/layoutx1/layoutxitem2">
      <left>0</left>
      <top>0</top>
      <width>96</width>
      <height>31</height>
      <backgroundColor>008080</backgroundColor>
      <bgColorEnabled>true</bgColorEnabled>
      <text>上一页</text>
      <fontColor>FFFFFF</fontColor>
      <fontBold>true</fontBold>
      <cursor>pointer</cursor>
      <onClick>g5.pageJump(g5.pageCurrent-1);</onClick>
    </control>
    <control type="LayoutXItem" pathname="/divRoot/layouty1/layoutyitem3/layoutx1/layoutxitem11">
      <left>96</left>
      <top>0</top>
      <width>95</width>
      <height>31</height>
      <backgroundColor>d0d0d0</backgroundColor>
      <text>1/1</text>
      <fontColor>008080</fontColor>
      <fontBold>true</fontBold>
    </control>
    <control type="Panel" pathname="/divRoot/layouty1/layoutyitem3/layoutx1/layoutxitem11/panel8">
      <left>0</left>
      <top>0</top>
      <width>95</width>
      <height>2</height>
      <dockX>fill</dockX>
      <dockY>top</dockY>
      <backgroundColor>008080</backgroundColor>
      <bgColorEnabled>true</bgColorEnabled>
    </control>
    <control type="Panel" pathname="/divRoot/layouty1/layoutyitem3/layoutx1/layoutxitem11/panel9">
      <left>0</left>
      <top>29</top>
      <width>95</width>
      <height>2</height>
      <dockX>fill</dockX>
      <dockY>bottom</dockY>
      <backgroundColor>008080</backgroundColor>
      <bgColorEnabled>true</bgColorEnabled>
    </control>
    <control type="LayoutXItem" pathname="/divRoot/layouty1/layoutyitem3/layoutx1/layoutxitem12">
      <left>191</left>
      <top>0</top>
      <width>96</width>
      <height>31</height>
      <backgroundColor>008080</backgroundColor>
      <bgColorEnabled>true</bgColorEnabled>
      <text>下一页</text>
      <fontColor>FFFFFF</fontColor>
      <fontBold>true</fontBold>
      <cursor>pointer</cursor>
      <onClick>g5.pageJump(g5.pageCurrent+1);</onClick>
    </control>
  </controls>
  <sqlResultSet count="0" />
  <taskSet count="1">
    <taskSetItem name="query">
      <script1><![CDATA[var e1 = ee.getEditText(ee.getControl("edit1"));
var e3 = ee.getEditText(ee.getControl("edit3"));
var e4 = ee.getEditText(ee.getControl("edit4"));

//客户端验证
if (e1 == "") {
    e1 = 0;
} else {
    e1 = parseInt(e1);
    if (!(e1>0)) {
        alert("批号只能是大于零的整数");
        return;
    }
}
if (e3 == "") {
    e3 = 0;
} else {
    e3 = parseInt(e3);
    if (!(e3>0)) {
        alert("起始序号只能是大于零的整数");
        return;
    }
}
if (e4 == "") {
    e4 = 0;
} else {
    e4 = parseInt(e4);
    if (!(e4>0)) {
        alert("结束序号只能是大于零的整数");
        return;
    }
}
if ((e3>0)&amp;&amp;(e4<=e3)) {
    alert("结束序号必须大于起始序号");
    return;
}

//发送
eio.appendInt32(g5.pageSize);
eio.appendInt32(g5.pageCurrent);
eio.appendInt32(e1);
eio.appendInt32(e3);
eio.appendInt32(e4);



]]></script1>
      <script2><![CDATA[var pageSize = eio.readInt32();
var pageCurrent = eio.readInt32();
var e1 = eio.readInt32();
var e3 = eio.readInt32();
var e4 = eio.readInt32();

//产生条件语句
var condition = "where accountName='" + db.encode(session.get("username")) + "'";
if (e1>0) {
    condition += " and batchId = " + e1;
}
if (e3>0) {
    condition += " and qrSnStart<" + e4 + " and qrSnStart+qrSnCount>" + e3;
}
var sql, sqlResult;

//获取记录数量
sql = "select count(*) as c from qrBatchInfo " + condition;
sqlResult = db.executeQuery("QR", sql);
db.read(sqlResult);
var count = db.getInt32(sqlResult, "c");

//读取表
sql =
    "SELECT batchId, convert(varchar, regdatetime, 120) as regdatetime," +
    "qrSnStart, qrSnStart+qrSnCount as qrSnEnd, qrSnCount " +
    "from qrBatchInfo " +
    condition + " order by batchId desc";
var sqlResult = db.executeQuery("QR", sql);
eio.appendInt32(count);
eio.appendDataSet(sqlResult, "batchId,regdatetime,qrSnCount,qrSnStart,qrSnEnd", pageSize*(pageCurrent-1), pageSize);


]]></script2>
      <script3>g5.pageRecordCount = eio.readInt32();
g5.dataset1 = eio.readDataSet();
g5.pageCount = parseInt((g5.pageRecordCount-1)/g5.pageSize)+1;
ee.setTableData(ee.getControl("tablebody1"), g5.dataset1, 0);
ee.setText(ee.getControl("layoutxitem11"), g5.pageCurrent + "/" + g5.pageCount);
</script3>
    </taskSetItem>
  </taskSet>
  <gridLines count="0" />
</page>