<EBProj>
  <projectName>MA315用户中心</projectName>
  <projectItems count="10">
    <page pathname="/login" />
    <image pathname="/login/CPY0001.jpg" />
    <image pathname="/login/ma315.jpg" />
    <page pathname="/main" />
    <image pathname="/main/p2d3c1.png" />
    <page pathname="/tsourceAdmin" />
    <image pathname="/tsourceAdmin/xz_bn.png" />
    <page pathname="/hint/login" />
    <page pathname="/batchInfo" />
    <image pathname="/batchInfo/xz_bn.png" />
  </projectItems>
  <dbConnections count="1">
    <connection name="QR">
      <connectionString>DSN=QR;UID=sa;PWD=1qazxsw2;</connectionString>
    </connection>
  </dbConnections>
</EBProj>