<page>
  <controls count="153">
    <control type="DivRoot" pathname="/divRoot">
      <left>0</left>
      <top>0</top>
      <width>1358</width>
      <height>719</height>
      <dockX>fill</dockX>
      <dockY>fill</dockY>
      <backgroundColor>ffffff</backgroundColor>
      <bgColorEnabled>true</bgColorEnabled>
      <backgroundImg>xz_bn.png</backgroundImg>
      <onControlLoad><![CDATA[<%
if (session.get("username").length == 0) {
    response.redirect("ee.aspx?_L_=/qrUserCenter/hint/login");
}
%>

g5.pageSize = 15;
g5.pageCurrent = 1;
g5.pageCount = 1;
g5.pageJump = function (pageNumber) {
    if (pageNumber<1) pageNumber = 1;
    if (pageNumber>g5.pageCount) {
        pageNumber = g5.pageCount;
    }
    if (g5.pageCurrent!=pageNumber) {
        g5.pageCurrent = pageNumber;
        if (g5.pageCurrent>0) {
            query();
        }
    }
}

g5.refreshDetail = function(index) {
    ee.setText(ee.getControl("layoutxitem23"), ee.getText(ee.getControl("tablebody1").cols[0].rows[index]));
    ee.setEditText(ee.getControl("edit5"), ee.getText(ee.getControl("tablebody1").cols[1].rows[index]));
    var s = ee.getText(ee.getControl("tablebody1").cols[3].rows[index]).split("-");
    ee.setEditText(ee.getControl("edit6"), s[0]);
    ee.setEditText(ee.getControl("edit7"), s[1]);
    ee.setEditText(ee.getControl("edit8"), ee.getText(ee.getControl("tablebody1").cols[5].rows[index]));
}

query();]]></onControlLoad>
    </control>
    <control type="LayoutX" pathname="/divRoot/layoutx6">
      <left>0</left>
      <top>0</top>
      <width>1358</width>
      <height>719</height>
      <dockX>fill</dockX>
      <dockY>fill</dockY>
      <fieldCount>2</fieldCount>
    </control>
    <control type="LayoutXItem" pathname="/divRoot/layoutx6/layoutxitem1">
      <left>0</left>
      <top>0</top>
      <width>1097</width>
      <height>719</height>
      <backgroundColor>f0f0f0</backgroundColor>
    </control>
    <control type="LayoutY" pathname="/divRoot/layoutx6/layoutxitem1/layouty1">
      <left>10</left>
      <top>10</top>
      <width>1077</width>
      <height>699</height>
      <dockX>fill</dockX>
      <dockY>fill</dockY>
      <outerLeft>10</outerLeft>
      <outerRight>10</outerRight>
      <outerTop>10</outerTop>
      <outerBottom>10</outerBottom>
    </control>
    <control type="LayoutYItem" pathname="/divRoot/layoutx6/layoutxitem1/layouty1/layoutyitem1">
      <left>0</left>
      <top>0</top>
      <width>1077</width>
      <height>75</height>
      <backgroundColor>f0f0f0</backgroundColor>
      <heavyEnabled>false</heavyEnabled>
    </control>
    <control type="LayoutX" pathname="/divRoot/layoutx6/layoutxitem1/layouty1/layoutyitem1/layoutx2">
      <left>14</left>
      <top>0</top>
      <width>300</width>
      <height>28</height>
      <fieldCount>2</fieldCount>
    </control>
    <control type="LayoutXItem" pathname="/divRoot/layoutx6/layoutxitem1/layouty1/layoutyitem1/layoutx2/layoutxitem3">
      <left>0</left>
      <top>0</top>
      <width>84</width>
      <height>28</height>
      <backgroundColor>008080</backgroundColor>
      <bgColorEnabled>true</bgColorEnabled>
      <text>批号</text>
      <fontColor>FFFFFF</fontColor>
      <heavyEnabled>false</heavyEnabled>
    </control>
    <control type="LayoutXItem" pathname="/divRoot/layoutx6/layoutxitem1/layouty1/layoutyitem1/layoutx2/layoutxitem4">
      <left>84</left>
      <top>0</top>
      <width>216</width>
      <height>28</height>
      <backgroundColor>d0d0d0</backgroundColor>
    </control>
    <control type="Edit" pathname="/divRoot/layoutx6/layoutxitem1/layouty1/layoutyitem1/layoutx2/layoutxitem4/edit1">
      <left>0</left>
      <top>0</top>
      <width>216</width>
      <height>28</height>
      <dockX>fill</dockX>
      <dockY>fill</dockY>
      <backgroundSkin>edit1</backgroundSkin>
    </control>
    <control type="LayoutX" pathname="/divRoot/layoutx6/layoutxitem1/layouty1/layoutyitem1/layoutx3">
      <left>322</left>
      <top>0</top>
      <width>300</width>
      <height>28</height>
      <fieldCount>2</fieldCount>
    </control>
    <control type="LayoutXItem" pathname="/divRoot/layoutx6/layoutxitem1/layouty1/layoutyitem1/layoutx3/layoutxitem5">
      <left>0</left>
      <top>0</top>
      <width>84</width>
      <height>28</height>
      <backgroundColor>008080</backgroundColor>
      <bgColorEnabled>true</bgColorEnabled>
      <text>说明文字</text>
      <fontColor>FFFFFF</fontColor>
      <heavyEnabled>false</heavyEnabled>
    </control>
    <control type="LayoutXItem" pathname="/divRoot/layoutx6/layoutxitem1/layouty1/layoutyitem1/layoutx3/layoutxitem6">
      <left>84</left>
      <top>0</top>
      <width>216</width>
      <height>28</height>
      <backgroundColor>d0d0d0</backgroundColor>
    </control>
    <control type="Edit" pathname="/divRoot/layoutx6/layoutxitem1/layouty1/layoutyitem1/layoutx3/layoutxitem6/edit2">
      <left>0</left>
      <top>0</top>
      <width>216</width>
      <height>28</height>
      <dockX>fill</dockX>
      <dockY>fill</dockY>
      <backgroundSkin>edit1</backgroundSkin>
    </control>
    <control type="LayoutX" pathname="/divRoot/layoutx6/layoutxitem1/layouty1/layoutyitem1/layoutx4">
      <left>14</left>
      <top>32</top>
      <width>300</width>
      <height>28</height>
      <fieldCount>2</fieldCount>
    </control>
    <control type="LayoutXItem" pathname="/divRoot/layoutx6/layoutxitem1/layouty1/layoutyitem1/layoutx4/layoutxitem7">
      <left>0</left>
      <top>0</top>
      <width>84</width>
      <height>28</height>
      <backgroundColor>008080</backgroundColor>
      <bgColorEnabled>true</bgColorEnabled>
      <text>起始序号</text>
      <fontColor>FFFFFF</fontColor>
      <heavyEnabled>false</heavyEnabled>
    </control>
    <control type="LayoutXItem" pathname="/divRoot/layoutx6/layoutxitem1/layouty1/layoutyitem1/layoutx4/layoutxitem8">
      <left>84</left>
      <top>0</top>
      <width>216</width>
      <height>28</height>
      <backgroundColor>d0d0d0</backgroundColor>
    </control>
    <control type="Edit" pathname="/divRoot/layoutx6/layoutxitem1/layouty1/layoutyitem1/layoutx4/layoutxitem8/edit3">
      <left>0</left>
      <top>0</top>
      <width>216</width>
      <height>28</height>
      <dockX>fill</dockX>
      <dockY>fill</dockY>
      <backgroundSkin>edit1</backgroundSkin>
    </control>
    <control type="LayoutX" pathname="/divRoot/layoutx6/layoutxitem1/layouty1/layoutyitem1/layoutx5">
      <left>322</left>
      <top>32</top>
      <width>300</width>
      <height>28</height>
      <fieldCount>2</fieldCount>
    </control>
    <control type="LayoutXItem" pathname="/divRoot/layoutx6/layoutxitem1/layouty1/layoutyitem1/layoutx5/layoutxitem9">
      <left>0</left>
      <top>0</top>
      <width>84</width>
      <height>28</height>
      <backgroundColor>008080</backgroundColor>
      <bgColorEnabled>true</bgColorEnabled>
      <text>结束序号</text>
      <fontColor>FFFFFF</fontColor>
      <heavyEnabled>false</heavyEnabled>
    </control>
    <control type="LayoutXItem" pathname="/divRoot/layoutx6/layoutxitem1/layouty1/layoutyitem1/layoutx5/layoutxitem10">
      <left>84</left>
      <top>0</top>
      <width>216</width>
      <height>28</height>
      <backgroundColor>d0d0d0</backgroundColor>
    </control>
    <control type="Edit" pathname="/divRoot/layoutx6/layoutxitem1/layouty1/layoutyitem1/layoutx5/layoutxitem10/edit4">
      <left>0</left>
      <top>0</top>
      <width>216</width>
      <height>28</height>
      <dockX>fill</dockX>
      <dockY>fill</dockY>
      <backgroundSkin>edit1</backgroundSkin>
    </control>
    <control type="Panel" pathname="/divRoot/layoutx6/layoutxitem1/layouty1/layoutyitem1/panel1">
      <left>635</left>
      <top>0</top>
      <width>110</width>
      <height>60</height>
      <backgroundColor>008080</backgroundColor>
      <bgColorEnabled>true</bgColorEnabled>
      <text>搜 索</text>
      <fontSize>12</fontSize>
      <fontColor>FFFFFF</fontColor>
      <cursor>pointer</cursor>
      <onClick>g5.pageCurrent = 1;
query();
</onClick>
    </control>
    <control type="LayoutYItem" pathname="/divRoot/layoutx6/layoutxitem1/layouty1/layoutyitem2">
      <left>0</left>
      <top>75</top>
      <width>1077</width>
      <height>589</height>
      <backgroundColor>d0d0d0</backgroundColor>
    </control>
    <control type="TableTitle" pathname="/divRoot/layoutx6/layoutxitem1/layouty1/layoutyitem2/tabletitle1">
      <left>0</left>
      <top>0</top>
      <width>1077</width>
      <height>28</height>
      <dockX>fill</dockX>
      <dockY>fill</dockY>
      <columnCount>6</columnCount>
      <tableBody>tablebody1</tableBody>
    </control>
    <control type="TableTitleItem" pathname="/divRoot/layoutx6/layoutxitem1/layouty1/layoutyitem2/tabletitle1/tabletitleitem1">
      <left>0</left>
      <top>0</top>
      <width>80</width>
      <height>28</height>
      <backgroundColor>f0f0f0</backgroundColor>
      <backgroundSkin>body2a</backgroundSkin>
      <text>ID</text>
      <fontColor>008080</fontColor>
      <fontBold>true</fontBold>
      <heavy>20</heavy>
    </control>
    <control type="TableTitleItem" pathname="/divRoot/layoutx6/layoutxitem1/layouty1/layoutyitem2/tabletitle1/tabletitleitem2">
      <left>80</left>
      <top>0</top>
      <width>80</width>
      <height>28</height>
      <backgroundColor>d0d0d0</backgroundColor>
      <backgroundSkin>body2a</backgroundSkin>
      <text>批号</text>
      <fontColor>008080</fontColor>
      <fontBold>true</fontBold>
      <heavy>20</heavy>
    </control>
    <control type="TableTitleItem" pathname="/divRoot/layoutx6/layoutxitem1/layouty1/layoutyitem2/tabletitle1/tabletitleitem3">
      <left>160</left>
      <top>0</top>
      <width>159</width>
      <height>28</height>
      <backgroundColor>f0f0f0</backgroundColor>
      <backgroundSkin>body2a</backgroundSkin>
      <text>时间</text>
      <fontColor>008080</fontColor>
      <fontBold>true</fontBold>
      <heavy>40</heavy>
    </control>
    <control type="TableTitleItem" pathname="/divRoot/layoutx6/layoutxitem1/layouty1/layoutyitem2/tabletitle1/tabletitleitem4">
      <left>319</left>
      <top>0</top>
      <width>200</width>
      <height>28</height>
      <backgroundColor>d0d0d0</backgroundColor>
      <backgroundSkin>body2a</backgroundSkin>
      <text>序号范围</text>
      <fontColor>008080</fontColor>
      <fontBold>true</fontBold>
      <heavy>50</heavy>
    </control>
    <control type="TableTitleItem" pathname="/divRoot/layoutx6/layoutxitem1/layouty1/layoutyitem2/tabletitle1/tabletitleitem5">
      <left>519</left>
      <top>0</top>
      <width>79</width>
      <height>28</height>
      <backgroundColor>f0f0f0</backgroundColor>
      <backgroundSkin>body2a</backgroundSkin>
      <text>数量</text>
      <fontColor>008080</fontColor>
      <fontBold>true</fontBold>
      <heavy>20</heavy>
    </control>
    <control type="TableTitleItem" pathname="/divRoot/layoutx6/layoutxitem1/layouty1/layoutyitem2/tabletitle1/tabletitleitem6">
      <left>598</left>
      <top>0</top>
      <width>479</width>
      <height>28</height>
      <backgroundColor>d0d0d0</backgroundColor>
      <backgroundSkin>body2a</backgroundSkin>
      <text>溯源信息</text>
      <fontColor>008080</fontColor>
      <fontBold>true</fontBold>
      <heavy>120</heavy>
    </control>
    <control type="TableBody" pathname="/divRoot/layoutx6/layoutxitem1/layouty1/layoutyitem2/tablebody1">
      <left>0</left>
      <top>28</top>
      <width>1077</width>
      <height>561</height>
      <rowCount>15</rowCount>
      <tableTitle>tabletitle1</tableTitle>
    </control>
    <control type="TableBodyItem" pathname="/divRoot/layoutx6/layoutxitem1/layouty1/layoutyitem2/tablebody1/tablebodyitem1">
      <left>0</left>
      <top>0</top>
      <width>80</width>
      <height>37</height>
      <backgroundColor>f0f0f0</backgroundColor>
      <text>.</text>
      <fontColor>008080</fontColor>
      <cursor>pointer</cursor>
      <onClick>g5.refreshDetail(this.rowIndex); 


</onClick>
    </control>
    <control type="TableBodyItem" pathname="/divRoot/layoutx6/layoutxitem1/layouty1/layoutyitem2/tablebody1/tablebodyitem2">
      <left>80</left>
      <top>0</top>
      <width>80</width>
      <height>37</height>
      <backgroundColor>d0d0d0</backgroundColor>
      <text>.</text>
      <fontColor>008080</fontColor>
      <cursor>pointer</cursor>
      <onClick>g5.refreshDetail(this.rowIndex); 


</onClick>
    </control>
    <control type="TableBodyItem" pathname="/divRoot/layoutx6/layoutxitem1/layouty1/layoutyitem2/tablebody1/tablebodyitem3">
      <left>160</left>
      <top>0</top>
      <width>159</width>
      <height>37</height>
      <backgroundColor>f0f0f0</backgroundColor>
      <text>.</text>
      <fontColor>008080</fontColor>
      <cursor>pointer</cursor>
      <onClick>g5.refreshDetail(this.rowIndex); 


</onClick>
    </control>
    <control type="TableBodyItem" pathname="/divRoot/layoutx6/layoutxitem1/layouty1/layoutyitem2/tablebody1/tablebodyitem4">
      <left>319</left>
      <top>0</top>
      <width>200</width>
      <height>37</height>
      <backgroundColor>d0d0d0</backgroundColor>
      <text>.</text>
      <fontColor>008080</fontColor>
      <cursor>pointer</cursor>
      <onClick>g5.refreshDetail(this.rowIndex); 


</onClick>
    </control>
    <control type="TableBodyItem" pathname="/divRoot/layoutx6/layoutxitem1/layouty1/layoutyitem2/tablebody1/tablebodyitem5">
      <left>519</left>
      <top>0</top>
      <width>79</width>
      <height>37</height>
      <backgroundColor>f0f0f0</backgroundColor>
      <text>.</text>
      <fontColor>008080</fontColor>
      <cursor>pointer</cursor>
      <onClick>g5.refreshDetail(this.rowIndex); 


</onClick>
    </control>
    <control type="TableBodyItem" pathname="/divRoot/layoutx6/layoutxitem1/layouty1/layoutyitem2/tablebody1/tablebodyitem6">
      <left>598</left>
      <top>0</top>
      <width>479</width>
      <height>37</height>
      <backgroundColor>d0d0d0</backgroundColor>
      <text>.</text>
      <fontColor>008080</fontColor>
      <hAlign>left</hAlign>
      <cursor>pointer</cursor>
      <onClick>g5.refreshDetail(this.rowIndex); 


</onClick>
    </control>
    <control type="Panel" pathname="/divRoot/layoutx6/layoutxitem1/layouty1/layoutyitem2/tablebody1/temp1">
      <left>0</left>
      <top>37</top>
      <width>80</width>
      <height>38</height>
      <backgroundColor>f0f0f0</backgroundColor>
      <text>.</text>
      <fontColor>008080</fontColor>
      <cursor>pointer</cursor>
      <onClick>g5.refreshDetail(this.rowIndex); 


</onClick>
    </control>
    <control type="Panel" pathname="/divRoot/layoutx6/layoutxitem1/layouty1/layoutyitem2/tablebody1/temp2">
      <left>80</left>
      <top>37</top>
      <width>80</width>
      <height>38</height>
      <backgroundColor>d0d0d0</backgroundColor>
      <text>.</text>
      <fontColor>008080</fontColor>
      <cursor>pointer</cursor>
      <onClick>g5.refreshDetail(this.rowIndex); 


</onClick>
    </control>
    <control type="Panel" pathname="/divRoot/layoutx6/layoutxitem1/layouty1/layoutyitem2/tablebody1/temp3">
      <left>160</left>
      <top>37</top>
      <width>159</width>
      <height>38</height>
      <backgroundColor>f0f0f0</backgroundColor>
      <text>.</text>
      <fontColor>008080</fontColor>
      <cursor>pointer</cursor>
      <onClick>g5.refreshDetail(this.rowIndex); 


</onClick>
    </control>
    <control type="Panel" pathname="/divRoot/layoutx6/layoutxitem1/layouty1/layoutyitem2/tablebody1/temp4">
      <left>319</left>
      <top>37</top>
      <width>200</width>
      <height>38</height>
      <backgroundColor>d0d0d0</backgroundColor>
      <text>.</text>
      <fontColor>008080</fontColor>
      <cursor>pointer</cursor>
      <onClick>g5.refreshDetail(this.rowIndex); 


</onClick>
    </control>
    <control type="Panel" pathname="/divRoot/layoutx6/layoutxitem1/layouty1/layoutyitem2/tablebody1/temp5">
      <left>519</left>
      <top>37</top>
      <width>79</width>
      <height>38</height>
      <backgroundColor>f0f0f0</backgroundColor>
      <text>.</text>
      <fontColor>008080</fontColor>
      <cursor>pointer</cursor>
      <onClick>g5.refreshDetail(this.rowIndex); 


</onClick>
    </control>
    <control type="Panel" pathname="/divRoot/layoutx6/layoutxitem1/layouty1/layoutyitem2/tablebody1/temp6">
      <left>598</left>
      <top>37</top>
      <width>479</width>
      <height>38</height>
      <backgroundColor>d0d0d0</backgroundColor>
      <text>.</text>
      <fontColor>008080</fontColor>
      <hAlign>left</hAlign>
      <cursor>pointer</cursor>
      <onClick>g5.refreshDetail(this.rowIndex); 


</onClick>
    </control>
    <control type="Panel" pathname="/divRoot/layoutx6/layoutxitem1/layouty1/layoutyitem2/tablebody1/temp7">
      <left>0</left>
      <top>75</top>
      <width>80</width>
      <height>37</height>
      <backgroundColor>f0f0f0</backgroundColor>
      <text>.</text>
      <fontColor>008080</fontColor>
      <cursor>pointer</cursor>
      <onClick>g5.refreshDetail(this.rowIndex); 


</onClick>
    </control>
    <control type="Panel" pathname="/divRoot/layoutx6/layoutxitem1/layouty1/layoutyitem2/tablebody1/temp8">
      <left>80</left>
      <top>75</top>
      <width>80</width>
      <height>37</height>
      <backgroundColor>d0d0d0</backgroundColor>
      <text>.</text>
      <fontColor>008080</fontColor>
      <cursor>pointer</cursor>
      <onClick>g5.refreshDetail(this.rowIndex); 


</onClick>
    </control>
    <control type="Panel" pathname="/divRoot/layoutx6/layoutxitem1/layouty1/layoutyitem2/tablebody1/temp9">
      <left>160</left>
      <top>75</top>
      <width>159</width>
      <height>37</height>
      <backgroundColor>f0f0f0</backgroundColor>
      <text>.</text>
      <fontColor>008080</fontColor>
      <cursor>pointer</cursor>
      <onClick>g5.refreshDetail(this.rowIndex); 


</onClick>
    </control>
    <control type="Panel" pathname="/divRoot/layoutx6/layoutxitem1/layouty1/layoutyitem2/tablebody1/temp10">
      <left>319</left>
      <top>75</top>
      <width>200</width>
      <height>37</height>
      <backgroundColor>d0d0d0</backgroundColor>
      <text>.</text>
      <fontColor>008080</fontColor>
      <cursor>pointer</cursor>
      <onClick>g5.refreshDetail(this.rowIndex); 


</onClick>
    </control>
    <control type="Panel" pathname="/divRoot/layoutx6/layoutxitem1/layouty1/layoutyitem2/tablebody1/temp11">
      <left>519</left>
      <top>75</top>
      <width>79</width>
      <height>37</height>
      <backgroundColor>f0f0f0</backgroundColor>
      <text>.</text>
      <fontColor>008080</fontColor>
      <cursor>pointer</cursor>
      <onClick>g5.refreshDetail(this.rowIndex); 


</onClick>
    </control>
    <control type="Panel" pathname="/divRoot/layoutx6/layoutxitem1/layouty1/layoutyitem2/tablebody1/temp12">
      <left>598</left>
      <top>75</top>
      <width>479</width>
      <height>37</height>
      <backgroundColor>d0d0d0</backgroundColor>
      <text>.</text>
      <fontColor>008080</fontColor>
      <hAlign>left</hAlign>
      <cursor>pointer</cursor>
      <onClick>g5.refreshDetail(this.rowIndex); 


</onClick>
    </control>
    <control type="Panel" pathname="/divRoot/layoutx6/layoutxitem1/layouty1/layoutyitem2/tablebody1/temp13">
      <left>0</left>
      <top>112</top>
      <width>80</width>
      <height>38</height>
      <backgroundColor>f0f0f0</backgroundColor>
      <text>.</text>
      <fontColor>008080</fontColor>
      <cursor>pointer</cursor>
      <onClick>g5.refreshDetail(this.rowIndex); 


</onClick>
    </control>
    <control type="Panel" pathname="/divRoot/layoutx6/layoutxitem1/layouty1/layoutyitem2/tablebody1/temp14">
      <left>80</left>
      <top>112</top>
      <width>80</width>
      <height>38</height>
      <backgroundColor>d0d0d0</backgroundColor>
      <text>.</text>
      <fontColor>008080</fontColor>
      <cursor>pointer</cursor>
      <onClick>g5.refreshDetail(this.rowIndex); 


</onClick>
    </control>
    <control type="Panel" pathname="/divRoot/layoutx6/layoutxitem1/layouty1/layoutyitem2/tablebody1/temp15">
      <left>160</left>
      <top>112</top>
      <width>159</width>
      <height>38</height>
      <backgroundColor>f0f0f0</backgroundColor>
      <text>.</text>
      <fontColor>008080</fontColor>
      <cursor>pointer</cursor>
      <onClick>g5.refreshDetail(this.rowIndex); 


</onClick>
    </control>
    <control type="Panel" pathname="/divRoot/layoutx6/layoutxitem1/layouty1/layoutyitem2/tablebody1/temp16">
      <left>319</left>
      <top>112</top>
      <width>200</width>
      <height>38</height>
      <backgroundColor>d0d0d0</backgroundColor>
      <text>.</text>
      <fontColor>008080</fontColor>
      <cursor>pointer</cursor>
      <onClick>g5.refreshDetail(this.rowIndex); 


</onClick>
    </control>
    <control type="Panel" pathname="/divRoot/layoutx6/layoutxitem1/layouty1/layoutyitem2/tablebody1/temp17">
      <left>519</left>
      <top>112</top>
      <width>79</width>
      <height>38</height>
      <backgroundColor>f0f0f0</backgroundColor>
      <text>.</text>
      <fontColor>008080</fontColor>
      <cursor>pointer</cursor>
      <onClick>g5.refreshDetail(this.rowIndex); 


</onClick>
    </control>
    <control type="Panel" pathname="/divRoot/layoutx6/layoutxitem1/layouty1/layoutyitem2/tablebody1/temp18">
      <left>598</left>
      <top>112</top>
      <width>479</width>
      <height>38</height>
      <backgroundColor>d0d0d0</backgroundColor>
      <text>.</text>
      <fontColor>008080</fontColor>
      <hAlign>left</hAlign>
      <cursor>pointer</cursor>
      <onClick>g5.refreshDetail(this.rowIndex); 


</onClick>
    </control>
    <control type="Panel" pathname="/divRoot/layoutx6/layoutxitem1/layouty1/layoutyitem2/tablebody1/temp19">
      <left>0</left>
      <top>150</top>
      <width>80</width>
      <height>37</height>
      <backgroundColor>f0f0f0</backgroundColor>
      <text>.</text>
      <fontColor>008080</fontColor>
      <cursor>pointer</cursor>
      <onClick>g5.refreshDetail(this.rowIndex); 


</onClick>
    </control>
    <control type="Panel" pathname="/divRoot/layoutx6/layoutxitem1/layouty1/layoutyitem2/tablebody1/temp20">
      <left>80</left>
      <top>150</top>
      <width>80</width>
      <height>37</height>
      <backgroundColor>d0d0d0</backgroundColor>
      <text>.</text>
      <fontColor>008080</fontColor>
      <cursor>pointer</cursor>
      <onClick>g5.refreshDetail(this.rowIndex); 


</onClick>
    </control>
    <control type="Panel" pathname="/divRoot/layoutx6/layoutxitem1/layouty1/layoutyitem2/tablebody1/temp21">
      <left>160</left>
      <top>150</top>
      <width>159</width>
      <height>37</height>
      <backgroundColor>f0f0f0</backgroundColor>
      <text>.</text>
      <fontColor>008080</fontColor>
      <cursor>pointer</cursor>
      <onClick>g5.refreshDetail(this.rowIndex); 


</onClick>
    </control>
    <control type="Panel" pathname="/divRoot/layoutx6/layoutxitem1/layouty1/layoutyitem2/tablebody1/temp22">
      <left>319</left>
      <top>150</top>
      <width>200</width>
      <height>37</height>
      <backgroundColor>d0d0d0</backgroundColor>
      <text>.</text>
      <fontColor>008080</fontColor>
      <cursor>pointer</cursor>
      <onClick>g5.refreshDetail(this.rowIndex); 


</onClick>
    </control>
    <control type="Panel" pathname="/divRoot/layoutx6/layoutxitem1/layouty1/layoutyitem2/tablebody1/temp23">
      <left>519</left>
      <top>150</top>
      <width>79</width>
      <height>37</height>
      <backgroundColor>f0f0f0</backgroundColor>
      <text>.</text>
      <fontColor>008080</fontColor>
      <cursor>pointer</cursor>
      <onClick>g5.refreshDetail(this.rowIndex); 


</onClick>
    </control>
    <control type="Panel" pathname="/divRoot/layoutx6/layoutxitem1/layouty1/layoutyitem2/tablebody1/temp24">
      <left>598</left>
      <top>150</top>
      <width>479</width>
      <height>37</height>
      <backgroundColor>d0d0d0</backgroundColor>
      <text>.</text>
      <fontColor>008080</fontColor>
      <hAlign>left</hAlign>
      <cursor>pointer</cursor>
      <onClick>g5.refreshDetail(this.rowIndex); 


</onClick>
    </control>
    <control type="Panel" pathname="/divRoot/layoutx6/layoutxitem1/layouty1/layoutyitem2/tablebody1/temp25">
      <left>0</left>
      <top>187</top>
      <width>80</width>
      <height>37</height>
      <backgroundColor>f0f0f0</backgroundColor>
      <text>.</text>
      <fontColor>008080</fontColor>
      <cursor>pointer</cursor>
      <onClick>g5.refreshDetail(this.rowIndex); 


</onClick>
    </control>
    <control type="Panel" pathname="/divRoot/layoutx6/layoutxitem1/layouty1/layoutyitem2/tablebody1/temp26">
      <left>80</left>
      <top>187</top>
      <width>80</width>
      <height>37</height>
      <backgroundColor>d0d0d0</backgroundColor>
      <text>.</text>
      <fontColor>008080</fontColor>
      <cursor>pointer</cursor>
      <onClick>g5.refreshDetail(this.rowIndex); 


</onClick>
    </control>
    <control type="Panel" pathname="/divRoot/layoutx6/layoutxitem1/layouty1/layoutyitem2/tablebody1/temp27">
      <left>160</left>
      <top>187</top>
      <width>159</width>
      <height>37</height>
      <backgroundColor>f0f0f0</backgroundColor>
      <text>.</text>
      <fontColor>008080</fontColor>
      <cursor>pointer</cursor>
      <onClick>g5.refreshDetail(this.rowIndex); 


</onClick>
    </control>
    <control type="Panel" pathname="/divRoot/layoutx6/layoutxitem1/layouty1/layoutyitem2/tablebody1/temp28">
      <left>319</left>
      <top>187</top>
      <width>200</width>
      <height>37</height>
      <backgroundColor>d0d0d0</backgroundColor>
      <text>.</text>
      <fontColor>008080</fontColor>
      <cursor>pointer</cursor>
      <onClick>g5.refreshDetail(this.rowIndex); 


</onClick>
    </control>
    <control type="Panel" pathname="/divRoot/layoutx6/layoutxitem1/layouty1/layoutyitem2/tablebody1/temp29">
      <left>519</left>
      <top>187</top>
      <width>79</width>
      <height>37</height>
      <backgroundColor>f0f0f0</backgroundColor>
      <text>.</text>
      <fontColor>008080</fontColor>
      <cursor>pointer</cursor>
      <onClick>g5.refreshDetail(this.rowIndex); 


</onClick>
    </control>
    <control type="Panel" pathname="/divRoot/layoutx6/layoutxitem1/layouty1/layoutyitem2/tablebody1/temp30">
      <left>598</left>
      <top>187</top>
      <width>479</width>
      <height>37</height>
      <backgroundColor>d0d0d0</backgroundColor>
      <text>.</text>
      <fontColor>008080</fontColor>
      <hAlign>left</hAlign>
      <cursor>pointer</cursor>
      <onClick>g5.refreshDetail(this.rowIndex); 


</onClick>
    </control>
    <control type="Panel" pathname="/divRoot/layoutx6/layoutxitem1/layouty1/layoutyitem2/tablebody1/temp31">
      <left>0</left>
      <top>224</top>
      <width>80</width>
      <height>38</height>
      <backgroundColor>f0f0f0</backgroundColor>
      <text>.</text>
      <fontColor>008080</fontColor>
      <cursor>pointer</cursor>
      <onClick>g5.refreshDetail(this.rowIndex); 


</onClick>
    </control>
    <control type="Panel" pathname="/divRoot/layoutx6/layoutxitem1/layouty1/layoutyitem2/tablebody1/temp32">
      <left>80</left>
      <top>224</top>
      <width>80</width>
      <height>38</height>
      <backgroundColor>d0d0d0</backgroundColor>
      <text>.</text>
      <fontColor>008080</fontColor>
      <cursor>pointer</cursor>
      <onClick>g5.refreshDetail(this.rowIndex); 


</onClick>
    </control>
    <control type="Panel" pathname="/divRoot/layoutx6/layoutxitem1/layouty1/layoutyitem2/tablebody1/temp33">
      <left>160</left>
      <top>224</top>
      <width>159</width>
      <height>38</height>
      <backgroundColor>f0f0f0</backgroundColor>
      <text>.</text>
      <fontColor>008080</fontColor>
      <cursor>pointer</cursor>
      <onClick>g5.refreshDetail(this.rowIndex); 


</onClick>
    </control>
    <control type="Panel" pathname="/divRoot/layoutx6/layoutxitem1/layouty1/layoutyitem2/tablebody1/temp34">
      <left>319</left>
      <top>224</top>
      <width>200</width>
      <height>38</height>
      <backgroundColor>d0d0d0</backgroundColor>
      <text>.</text>
      <fontColor>008080</fontColor>
      <cursor>pointer</cursor>
      <onClick>g5.refreshDetail(this.rowIndex); 


</onClick>
    </control>
    <control type="Panel" pathname="/divRoot/layoutx6/layoutxitem1/layouty1/layoutyitem2/tablebody1/temp35">
      <left>519</left>
      <top>224</top>
      <width>79</width>
      <height>38</height>
      <backgroundColor>f0f0f0</backgroundColor>
      <text>.</text>
      <fontColor>008080</fontColor>
      <cursor>pointer</cursor>
      <onClick>g5.refreshDetail(this.rowIndex); 


</onClick>
    </control>
    <control type="Panel" pathname="/divRoot/layoutx6/layoutxitem1/layouty1/layoutyitem2/tablebody1/temp36">
      <left>598</left>
      <top>224</top>
      <width>479</width>
      <height>38</height>
      <backgroundColor>d0d0d0</backgroundColor>
      <text>.</text>
      <fontColor>008080</fontColor>
      <hAlign>left</hAlign>
      <cursor>pointer</cursor>
      <onClick>g5.refreshDetail(this.rowIndex); 


</onClick>
    </control>
    <control type="Panel" pathname="/divRoot/layoutx6/layoutxitem1/layouty1/layoutyitem2/tablebody1/temp37">
      <left>0</left>
      <top>262</top>
      <width>80</width>
      <height>37</height>
      <backgroundColor>f0f0f0</backgroundColor>
      <text>.</text>
      <fontColor>008080</fontColor>
      <cursor>pointer</cursor>
      <onClick>g5.refreshDetail(this.rowIndex); 


</onClick>
    </control>
    <control type="Panel" pathname="/divRoot/layoutx6/layoutxitem1/layouty1/layoutyitem2/tablebody1/temp38">
      <left>80</left>
      <top>262</top>
      <width>80</width>
      <height>37</height>
      <backgroundColor>d0d0d0</backgroundColor>
      <text>.</text>
      <fontColor>008080</fontColor>
      <cursor>pointer</cursor>
      <onClick>g5.refreshDetail(this.rowIndex); 


</onClick>
    </control>
    <control type="Panel" pathname="/divRoot/layoutx6/layoutxitem1/layouty1/layoutyitem2/tablebody1/temp39">
      <left>160</left>
      <top>262</top>
      <width>159</width>
      <height>37</height>
      <backgroundColor>f0f0f0</backgroundColor>
      <text>.</text>
      <fontColor>008080</fontColor>
      <cursor>pointer</cursor>
      <onClick>g5.refreshDetail(this.rowIndex); 


</onClick>
    </control>
    <control type="Panel" pathname="/divRoot/layoutx6/layoutxitem1/layouty1/layoutyitem2/tablebody1/temp40">
      <left>319</left>
      <top>262</top>
      <width>200</width>
      <height>37</height>
      <backgroundColor>d0d0d0</backgroundColor>
      <text>.</text>
      <fontColor>008080</fontColor>
      <cursor>pointer</cursor>
      <onClick>g5.refreshDetail(this.rowIndex); 


</onClick>
    </control>
    <control type="Panel" pathname="/divRoot/layoutx6/layoutxitem1/layouty1/layoutyitem2/tablebody1/temp41">
      <left>519</left>
      <top>262</top>
      <width>79</width>
      <height>37</height>
      <backgroundColor>f0f0f0</backgroundColor>
      <text>.</text>
      <fontColor>008080</fontColor>
      <cursor>pointer</cursor>
      <onClick>g5.refreshDetail(this.rowIndex); 


</onClick>
    </control>
    <control type="Panel" pathname="/divRoot/layoutx6/layoutxitem1/layouty1/layoutyitem2/tablebody1/temp42">
      <left>598</left>
      <top>262</top>
      <width>479</width>
      <height>37</height>
      <backgroundColor>d0d0d0</backgroundColor>
      <text>.</text>
      <fontColor>008080</fontColor>
      <hAlign>left</hAlign>
      <cursor>pointer</cursor>
      <onClick>g5.refreshDetail(this.rowIndex); 


</onClick>
    </control>
    <control type="Panel" pathname="/divRoot/layoutx6/layoutxitem1/layouty1/layoutyitem2/tablebody1/temp43">
      <left>0</left>
      <top>299</top>
      <width>80</width>
      <height>38</height>
      <backgroundColor>f0f0f0</backgroundColor>
      <text>.</text>
      <fontColor>008080</fontColor>
      <cursor>pointer</cursor>
      <onClick>g5.refreshDetail(this.rowIndex); 


</onClick>
    </control>
    <control type="Panel" pathname="/divRoot/layoutx6/layoutxitem1/layouty1/layoutyitem2/tablebody1/temp44">
      <left>80</left>
      <top>299</top>
      <width>80</width>
      <height>38</height>
      <backgroundColor>d0d0d0</backgroundColor>
      <text>.</text>
      <fontColor>008080</fontColor>
      <cursor>pointer</cursor>
      <onClick>g5.refreshDetail(this.rowIndex); 


</onClick>
    </control>
    <control type="Panel" pathname="/divRoot/layoutx6/layoutxitem1/layouty1/layoutyitem2/tablebody1/temp45">
      <left>160</left>
      <top>299</top>
      <width>159</width>
      <height>38</height>
      <backgroundColor>f0f0f0</backgroundColor>
      <text>.</text>
      <fontColor>008080</fontColor>
      <cursor>pointer</cursor>
      <onClick>g5.refreshDetail(this.rowIndex); 


</onClick>
    </control>
    <control type="Panel" pathname="/divRoot/layoutx6/layoutxitem1/layouty1/layoutyitem2/tablebody1/temp46">
      <left>319</left>
      <top>299</top>
      <width>200</width>
      <height>38</height>
      <backgroundColor>d0d0d0</backgroundColor>
      <text>.</text>
      <fontColor>008080</fontColor>
      <cursor>pointer</cursor>
      <onClick>g5.refreshDetail(this.rowIndex); 


</onClick>
    </control>
    <control type="Panel" pathname="/divRoot/layoutx6/layoutxitem1/layouty1/layoutyitem2/tablebody1/temp47">
      <left>519</left>
      <top>299</top>
      <width>79</width>
      <height>38</height>
      <backgroundColor>f0f0f0</backgroundColor>
      <text>.</text>
      <fontColor>008080</fontColor>
      <cursor>pointer</cursor>
      <onClick>g5.refreshDetail(this.rowIndex); 


</onClick>
    </control>
    <control type="Panel" pathname="/divRoot/layoutx6/layoutxitem1/layouty1/layoutyitem2/tablebody1/temp48">
      <left>598</left>
      <top>299</top>
      <width>479</width>
      <height>38</height>
      <backgroundColor>d0d0d0</backgroundColor>
      <text>.</text>
      <fontColor>008080</fontColor>
      <hAlign>left</hAlign>
      <cursor>pointer</cursor>
      <onClick>g5.refreshDetail(this.rowIndex); 


</onClick>
    </control>
    <control type="Panel" pathname="/divRoot/layoutx6/layoutxitem1/layouty1/layoutyitem2/tablebody1/temp49">
      <left>0</left>
      <top>337</top>
      <width>80</width>
      <height>37</height>
      <backgroundColor>f0f0f0</backgroundColor>
      <text>.</text>
      <fontColor>008080</fontColor>
      <cursor>pointer</cursor>
      <onClick>g5.refreshDetail(this.rowIndex); 


</onClick>
    </control>
    <control type="Panel" pathname="/divRoot/layoutx6/layoutxitem1/layouty1/layoutyitem2/tablebody1/temp50">
      <left>80</left>
      <top>337</top>
      <width>80</width>
      <height>37</height>
      <backgroundColor>d0d0d0</backgroundColor>
      <text>.</text>
      <fontColor>008080</fontColor>
      <cursor>pointer</cursor>
      <onClick>g5.refreshDetail(this.rowIndex); 


</onClick>
    </control>
    <control type="Panel" pathname="/divRoot/layoutx6/layoutxitem1/layouty1/layoutyitem2/tablebody1/temp51">
      <left>160</left>
      <top>337</top>
      <width>159</width>
      <height>37</height>
      <backgroundColor>f0f0f0</backgroundColor>
      <text>.</text>
      <fontColor>008080</fontColor>
      <cursor>pointer</cursor>
      <onClick>g5.refreshDetail(this.rowIndex); 


</onClick>
    </control>
    <control type="Panel" pathname="/divRoot/layoutx6/layoutxitem1/layouty1/layoutyitem2/tablebody1/temp52">
      <left>319</left>
      <top>337</top>
      <width>200</width>
      <height>37</height>
      <backgroundColor>d0d0d0</backgroundColor>
      <text>.</text>
      <fontColor>008080</fontColor>
      <cursor>pointer</cursor>
      <onClick>g5.refreshDetail(this.rowIndex); 


</onClick>
    </control>
    <control type="Panel" pathname="/divRoot/layoutx6/layoutxitem1/layouty1/layoutyitem2/tablebody1/temp53">
      <left>519</left>
      <top>337</top>
      <width>79</width>
      <height>37</height>
      <backgroundColor>f0f0f0</backgroundColor>
      <text>.</text>
      <fontColor>008080</fontColor>
      <cursor>pointer</cursor>
      <onClick>g5.refreshDetail(this.rowIndex); 


</onClick>
    </control>
    <control type="Panel" pathname="/divRoot/layoutx6/layoutxitem1/layouty1/layoutyitem2/tablebody1/temp54">
      <left>598</left>
      <top>337</top>
      <width>479</width>
      <height>37</height>
      <backgroundColor>d0d0d0</backgroundColor>
      <text>.</text>
      <fontColor>008080</fontColor>
      <hAlign>left</hAlign>
      <cursor>pointer</cursor>
      <onClick>g5.refreshDetail(this.rowIndex); 


</onClick>
    </control>
    <control type="Panel" pathname="/divRoot/layoutx6/layoutxitem1/layouty1/layoutyitem2/tablebody1/temp55">
      <left>0</left>
      <top>374</top>
      <width>80</width>
      <height>37</height>
      <backgroundColor>f0f0f0</backgroundColor>
      <text>.</text>
      <fontColor>008080</fontColor>
      <cursor>pointer</cursor>
      <onClick>g5.refreshDetail(this.rowIndex); 


</onClick>
    </control>
    <control type="Panel" pathname="/divRoot/layoutx6/layoutxitem1/layouty1/layoutyitem2/tablebody1/temp56">
      <left>80</left>
      <top>374</top>
      <width>80</width>
      <height>37</height>
      <backgroundColor>d0d0d0</backgroundColor>
      <text>.</text>
      <fontColor>008080</fontColor>
      <cursor>pointer</cursor>
      <onClick>g5.refreshDetail(this.rowIndex); 


</onClick>
    </control>
    <control type="Panel" pathname="/divRoot/layoutx6/layoutxitem1/layouty1/layoutyitem2/tablebody1/temp57">
      <left>160</left>
      <top>374</top>
      <width>159</width>
      <height>37</height>
      <backgroundColor>f0f0f0</backgroundColor>
      <text>.</text>
      <fontColor>008080</fontColor>
      <cursor>pointer</cursor>
      <onClick>g5.refreshDetail(this.rowIndex); 


</onClick>
    </control>
    <control type="Panel" pathname="/divRoot/layoutx6/layoutxitem1/layouty1/layoutyitem2/tablebody1/temp58">
      <left>319</left>
      <top>374</top>
      <width>200</width>
      <height>37</height>
      <backgroundColor>d0d0d0</backgroundColor>
      <text>.</text>
      <fontColor>008080</fontColor>
      <cursor>pointer</cursor>
      <onClick>g5.refreshDetail(this.rowIndex); 


</onClick>
    </control>
    <control type="Panel" pathname="/divRoot/layoutx6/layoutxitem1/layouty1/layoutyitem2/tablebody1/temp59">
      <left>519</left>
      <top>374</top>
      <width>79</width>
      <height>37</height>
      <backgroundColor>f0f0f0</backgroundColor>
      <text>.</text>
      <fontColor>008080</fontColor>
      <cursor>pointer</cursor>
      <onClick>g5.refreshDetail(this.rowIndex); 


</onClick>
    </control>
    <control type="Panel" pathname="/divRoot/layoutx6/layoutxitem1/layouty1/layoutyitem2/tablebody1/temp60">
      <left>598</left>
      <top>374</top>
      <width>479</width>
      <height>37</height>
      <backgroundColor>d0d0d0</backgroundColor>
      <text>.</text>
      <fontColor>008080</fontColor>
      <hAlign>left</hAlign>
      <cursor>pointer</cursor>
      <onClick>g5.refreshDetail(this.rowIndex); 


</onClick>
    </control>
    <control type="Panel" pathname="/divRoot/layoutx6/layoutxitem1/layouty1/layoutyitem2/tablebody1/temp61">
      <left>0</left>
      <top>411</top>
      <width>80</width>
      <height>38</height>
      <backgroundColor>f0f0f0</backgroundColor>
      <text>.</text>
      <fontColor>008080</fontColor>
      <cursor>pointer</cursor>
      <onClick>g5.refreshDetail(this.rowIndex); 


</onClick>
    </control>
    <control type="Panel" pathname="/divRoot/layoutx6/layoutxitem1/layouty1/layoutyitem2/tablebody1/temp62">
      <left>80</left>
      <top>411</top>
      <width>80</width>
      <height>38</height>
      <backgroundColor>d0d0d0</backgroundColor>
      <text>.</text>
      <fontColor>008080</fontColor>
      <cursor>pointer</cursor>
      <onClick>g5.refreshDetail(this.rowIndex); 


</onClick>
    </control>
    <control type="Panel" pathname="/divRoot/layoutx6/layoutxitem1/layouty1/layoutyitem2/tablebody1/temp63">
      <left>160</left>
      <top>411</top>
      <width>159</width>
      <height>38</height>
      <backgroundColor>f0f0f0</backgroundColor>
      <text>.</text>
      <fontColor>008080</fontColor>
      <cursor>pointer</cursor>
      <onClick>g5.refreshDetail(this.rowIndex); 


</onClick>
    </control>
    <control type="Panel" pathname="/divRoot/layoutx6/layoutxitem1/layouty1/layoutyitem2/tablebody1/temp64">
      <left>319</left>
      <top>411</top>
      <width>200</width>
      <height>38</height>
      <backgroundColor>d0d0d0</backgroundColor>
      <text>.</text>
      <fontColor>008080</fontColor>
      <cursor>pointer</cursor>
      <onClick>g5.refreshDetail(this.rowIndex); 


</onClick>
    </control>
    <control type="Panel" pathname="/divRoot/layoutx6/layoutxitem1/layouty1/layoutyitem2/tablebody1/temp65">
      <left>519</left>
      <top>411</top>
      <width>79</width>
      <height>38</height>
      <backgroundColor>f0f0f0</backgroundColor>
      <text>.</text>
      <fontColor>008080</fontColor>
      <cursor>pointer</cursor>
      <onClick>g5.refreshDetail(this.rowIndex); 


</onClick>
    </control>
    <control type="Panel" pathname="/divRoot/layoutx6/layoutxitem1/layouty1/layoutyitem2/tablebody1/temp66">
      <left>598</left>
      <top>411</top>
      <width>479</width>
      <height>38</height>
      <backgroundColor>d0d0d0</backgroundColor>
      <text>.</text>
      <fontColor>008080</fontColor>
      <hAlign>left</hAlign>
      <cursor>pointer</cursor>
      <onClick>g5.refreshDetail(this.rowIndex); 


</onClick>
    </control>
    <control type="Panel" pathname="/divRoot/layoutx6/layoutxitem1/layouty1/layoutyitem2/tablebody1/temp67">
      <left>0</left>
      <top>449</top>
      <width>80</width>
      <height>37</height>
      <backgroundColor>f0f0f0</backgroundColor>
      <text>.</text>
      <fontColor>008080</fontColor>
      <cursor>pointer</cursor>
      <onClick>g5.refreshDetail(this.rowIndex); 


</onClick>
    </control>
    <control type="Panel" pathname="/divRoot/layoutx6/layoutxitem1/layouty1/layoutyitem2/tablebody1/temp68">
      <left>80</left>
      <top>449</top>
      <width>80</width>
      <height>37</height>
      <backgroundColor>d0d0d0</backgroundColor>
      <text>.</text>
      <fontColor>008080</fontColor>
      <cursor>pointer</cursor>
      <onClick>g5.refreshDetail(this.rowIndex); 


</onClick>
    </control>
    <control type="Panel" pathname="/divRoot/layoutx6/layoutxitem1/layouty1/layoutyitem2/tablebody1/temp69">
      <left>160</left>
      <top>449</top>
      <width>159</width>
      <height>37</height>
      <backgroundColor>f0f0f0</backgroundColor>
      <text>.</text>
      <fontColor>008080</fontColor>
      <cursor>pointer</cursor>
      <onClick>g5.refreshDetail(this.rowIndex); 


</onClick>
    </control>
    <control type="Panel" pathname="/divRoot/layoutx6/layoutxitem1/layouty1/layoutyitem2/tablebody1/temp70">
      <left>319</left>
      <top>449</top>
      <width>200</width>
      <height>37</height>
      <backgroundColor>d0d0d0</backgroundColor>
      <text>.</text>
      <fontColor>008080</fontColor>
      <cursor>pointer</cursor>
      <onClick>g5.refreshDetail(this.rowIndex); 


</onClick>
    </control>
    <control type="Panel" pathname="/divRoot/layoutx6/layoutxitem1/layouty1/layoutyitem2/tablebody1/temp71">
      <left>519</left>
      <top>449</top>
      <width>79</width>
      <height>37</height>
      <backgroundColor>f0f0f0</backgroundColor>
      <text>.</text>
      <fontColor>008080</fontColor>
      <cursor>pointer</cursor>
      <onClick>g5.refreshDetail(this.rowIndex); 


</onClick>
    </control>
    <control type="Panel" pathname="/divRoot/layoutx6/layoutxitem1/layouty1/layoutyitem2/tablebody1/temp72">
      <left>598</left>
      <top>449</top>
      <width>479</width>
      <height>37</height>
      <backgroundColor>d0d0d0</backgroundColor>
      <text>.</text>
      <fontColor>008080</fontColor>
      <hAlign>left</hAlign>
      <cursor>pointer</cursor>
      <onClick>g5.refreshDetail(this.rowIndex); 


</onClick>
    </control>
    <control type="Panel" pathname="/divRoot/layoutx6/layoutxitem1/layouty1/layoutyitem2/tablebody1/temp73">
      <left>0</left>
      <top>486</top>
      <width>80</width>
      <height>38</height>
      <backgroundColor>f0f0f0</backgroundColor>
      <text>.</text>
      <fontColor>008080</fontColor>
      <cursor>pointer</cursor>
      <onClick>g5.refreshDetail(this.rowIndex); 


</onClick>
    </control>
    <control type="Panel" pathname="/divRoot/layoutx6/layoutxitem1/layouty1/layoutyitem2/tablebody1/temp74">
      <left>80</left>
      <top>486</top>
      <width>80</width>
      <height>38</height>
      <backgroundColor>d0d0d0</backgroundColor>
      <text>.</text>
      <fontColor>008080</fontColor>
      <cursor>pointer</cursor>
      <onClick>g5.refreshDetail(this.rowIndex); 


</onClick>
    </control>
    <control type="Panel" pathname="/divRoot/layoutx6/layoutxitem1/layouty1/layoutyitem2/tablebody1/temp75">
      <left>160</left>
      <top>486</top>
      <width>159</width>
      <height>38</height>
      <backgroundColor>f0f0f0</backgroundColor>
      <text>.</text>
      <fontColor>008080</fontColor>
      <cursor>pointer</cursor>
      <onClick>g5.refreshDetail(this.rowIndex); 


</onClick>
    </control>
    <control type="Panel" pathname="/divRoot/layoutx6/layoutxitem1/layouty1/layoutyitem2/tablebody1/temp76">
      <left>319</left>
      <top>486</top>
      <width>200</width>
      <height>38</height>
      <backgroundColor>d0d0d0</backgroundColor>
      <text>.</text>
      <fontColor>008080</fontColor>
      <cursor>pointer</cursor>
      <onClick>g5.refreshDetail(this.rowIndex); 


</onClick>
    </control>
    <control type="Panel" pathname="/divRoot/layoutx6/layoutxitem1/layouty1/layoutyitem2/tablebody1/temp77">
      <left>519</left>
      <top>486</top>
      <width>79</width>
      <height>38</height>
      <backgroundColor>f0f0f0</backgroundColor>
      <text>.</text>
      <fontColor>008080</fontColor>
      <cursor>pointer</cursor>
      <onClick>g5.refreshDetail(this.rowIndex); 


</onClick>
    </control>
    <control type="Panel" pathname="/divRoot/layoutx6/layoutxitem1/layouty1/layoutyitem2/tablebody1/temp78">
      <left>598</left>
      <top>486</top>
      <width>479</width>
      <height>38</height>
      <backgroundColor>d0d0d0</backgroundColor>
      <text>.</text>
      <fontColor>008080</fontColor>
      <hAlign>left</hAlign>
      <cursor>pointer</cursor>
      <onClick>g5.refreshDetail(this.rowIndex); 


</onClick>
    </control>
    <control type="Panel" pathname="/divRoot/layoutx6/layoutxitem1/layouty1/layoutyitem2/tablebody1/temp79">
      <left>0</left>
      <top>524</top>
      <width>80</width>
      <height>37</height>
      <backgroundColor>f0f0f0</backgroundColor>
      <text>.</text>
      <fontColor>008080</fontColor>
      <cursor>pointer</cursor>
      <onClick>g5.refreshDetail(this.rowIndex); 


</onClick>
    </control>
    <control type="Panel" pathname="/divRoot/layoutx6/layoutxitem1/layouty1/layoutyitem2/tablebody1/temp80">
      <left>80</left>
      <top>524</top>
      <width>80</width>
      <height>37</height>
      <backgroundColor>d0d0d0</backgroundColor>
      <text>.</text>
      <fontColor>008080</fontColor>
      <cursor>pointer</cursor>
      <onClick>g5.refreshDetail(this.rowIndex); 


</onClick>
    </control>
    <control type="Panel" pathname="/divRoot/layoutx6/layoutxitem1/layouty1/layoutyitem2/tablebody1/temp81">
      <left>160</left>
      <top>524</top>
      <width>159</width>
      <height>37</height>
      <backgroundColor>f0f0f0</backgroundColor>
      <text>.</text>
      <fontColor>008080</fontColor>
      <cursor>pointer</cursor>
      <onClick>g5.refreshDetail(this.rowIndex); 


</onClick>
    </control>
    <control type="Panel" pathname="/divRoot/layoutx6/layoutxitem1/layouty1/layoutyitem2/tablebody1/temp82">
      <left>319</left>
      <top>524</top>
      <width>200</width>
      <height>37</height>
      <backgroundColor>d0d0d0</backgroundColor>
      <text>.</text>
      <fontColor>008080</fontColor>
      <cursor>pointer</cursor>
      <onClick>g5.refreshDetail(this.rowIndex); 


</onClick>
    </control>
    <control type="Panel" pathname="/divRoot/layoutx6/layoutxitem1/layouty1/layoutyitem2/tablebody1/temp83">
      <left>519</left>
      <top>524</top>
      <width>79</width>
      <height>37</height>
      <backgroundColor>f0f0f0</backgroundColor>
      <text>.</text>
      <fontColor>008080</fontColor>
      <cursor>pointer</cursor>
      <onClick>g5.refreshDetail(this.rowIndex); 


</onClick>
    </control>
    <control type="Panel" pathname="/divRoot/layoutx6/layoutxitem1/layouty1/layoutyitem2/tablebody1/temp84">
      <left>598</left>
      <top>524</top>
      <width>479</width>
      <height>37</height>
      <backgroundColor>d0d0d0</backgroundColor>
      <text>.</text>
      <fontColor>008080</fontColor>
      <hAlign>left</hAlign>
      <cursor>pointer</cursor>
      <onClick>g5.refreshDetail(this.rowIndex); 


</onClick>
    </control>
    <control type="LayoutYItem" pathname="/divRoot/layoutx6/layoutxitem1/layouty1/layoutyitem3">
      <left>0</left>
      <top>664</top>
      <width>1077</width>
      <height>35</height>
      <backgroundColor>f0f0f0</backgroundColor>
      <heavyEnabled>false</heavyEnabled>
    </control>
    <control type="LayoutX" pathname="/divRoot/layoutx6/layoutxitem1/layouty1/layoutyitem3/layoutx1">
      <left>395</left>
      <top>0</top>
      <width>287</width>
      <height>31</height>
      <dockX>center</dockX>
      <dockY>top</dockY>
    </control>
    <control type="LayoutXItem" pathname="/divRoot/layoutx6/layoutxitem1/layouty1/layoutyitem3/layoutx1/layoutxitem2">
      <left>0</left>
      <top>0</top>
      <width>96</width>
      <height>31</height>
      <backgroundColor>008080</backgroundColor>
      <bgColorEnabled>true</bgColorEnabled>
      <text>上一页</text>
      <fontColor>FFFFFF</fontColor>
      <fontBold>true</fontBold>
      <cursor>pointer</cursor>
      <onClick>g5.pageJump(g5.pageCurrent-1);</onClick>
    </control>
    <control type="LayoutXItem" pathname="/divRoot/layoutx6/layoutxitem1/layouty1/layoutyitem3/layoutx1/layoutxitem11">
      <left>96</left>
      <top>0</top>
      <width>95</width>
      <height>31</height>
      <backgroundColor>d0d0d0</backgroundColor>
      <text>1/1</text>
      <fontColor>008080</fontColor>
      <fontBold>true</fontBold>
    </control>
    <control type="Panel" pathname="/divRoot/layoutx6/layoutxitem1/layouty1/layoutyitem3/layoutx1/layoutxitem11/panel8">
      <left>0</left>
      <top>0</top>
      <width>95</width>
      <height>2</height>
      <dockX>fill</dockX>
      <dockY>top</dockY>
      <backgroundColor>008080</backgroundColor>
      <bgColorEnabled>true</bgColorEnabled>
    </control>
    <control type="Panel" pathname="/divRoot/layoutx6/layoutxitem1/layouty1/layoutyitem3/layoutx1/layoutxitem11/panel9">
      <left>0</left>
      <top>29</top>
      <width>95</width>
      <height>2</height>
      <dockX>fill</dockX>
      <dockY>bottom</dockY>
      <backgroundColor>008080</backgroundColor>
      <bgColorEnabled>true</bgColorEnabled>
    </control>
    <control type="LayoutXItem" pathname="/divRoot/layoutx6/layoutxitem1/layouty1/layoutyitem3/layoutx1/layoutxitem12">
      <left>191</left>
      <top>0</top>
      <width>96</width>
      <height>31</height>
      <backgroundColor>008080</backgroundColor>
      <bgColorEnabled>true</bgColorEnabled>
      <text>下一页</text>
      <fontColor>FFFFFF</fontColor>
      <fontBold>true</fontBold>
      <cursor>pointer</cursor>
      <onClick>g5.pageJump(g5.pageCurrent+1);</onClick>
    </control>
    <control type="LayoutXItem" pathname="/divRoot/layoutx6/layoutxitem13">
      <left>1097</left>
      <top>0</top>
      <width>261</width>
      <height>719</height>
      <backgroundColor>d0d0d0</backgroundColor>
      <heavyEnabled>false</heavyEnabled>
    </control>
    <control type="Panel" pathname="/divRoot/layoutx6/layoutxitem13/panel2">
      <left>0</left>
      <top>10</top>
      <width>251</width>
      <height>699</height>
      <dockX>fill</dockX>
      <dockY>fill</dockY>
      <outerRight>10</outerRight>
      <outerTop>10</outerTop>
      <outerBottom>10</outerBottom>
      <backgroundSkin>body2a</backgroundSkin>
    </control>
    <control type="Panel" pathname="/divRoot/layoutx6/layoutxitem13/panel2/panel3">
      <left>0</left>
      <top>0</top>
      <width>251</width>
      <height>47</height>
      <dockX>fill</dockX>
      <dockY>top</dockY>
      <backgroundColor>008080</backgroundColor>
      <bgColorEnabled>true</bgColorEnabled>
      <text>详细信息</text>
      <fontSize>12</fontSize>
      <fontColor>FFFFFF</fontColor>
      <fontBold>true</fontBold>
    </control>
    <control type="LayoutX" pathname="/divRoot/layoutx6/layoutxitem13/panel2/layoutx7">
      <left>18</left>
      <top>119</top>
      <width>214</width>
      <height>28</height>
      <dockX>center</dockX>
      <fieldCount>2</fieldCount>
    </control>
    <control type="LayoutXItem" pathname="/divRoot/layoutx6/layoutxitem13/panel2/layoutx7/layoutxitem14">
      <left>0</left>
      <top>0</top>
      <width>84</width>
      <height>28</height>
      <backgroundColor>008080</backgroundColor>
      <bgColorEnabled>true</bgColorEnabled>
      <text>批号</text>
      <fontColor>FFFFFF</fontColor>
      <heavyEnabled>false</heavyEnabled>
    </control>
    <control type="LayoutXItem" pathname="/divRoot/layoutx6/layoutxitem13/panel2/layoutx7/layoutxitem15">
      <left>84</left>
      <top>0</top>
      <width>130</width>
      <height>28</height>
      <backgroundColor>d0d0d0</backgroundColor>
    </control>
    <control type="Edit" pathname="/divRoot/layoutx6/layoutxitem13/panel2/layoutx7/layoutxitem15/edit5">
      <left>0</left>
      <top>0</top>
      <width>130</width>
      <height>28</height>
      <dockX>fill</dockX>
      <dockY>fill</dockY>
      <backgroundSkin>edit1</backgroundSkin>
    </control>
    <control type="LayoutX" pathname="/divRoot/layoutx6/layoutxitem13/panel2/layoutx8">
      <left>18</left>
      <top>156</top>
      <width>214</width>
      <height>28</height>
      <dockX>center</dockX>
      <fieldCount>2</fieldCount>
    </control>
    <control type="LayoutXItem" pathname="/divRoot/layoutx6/layoutxitem13/panel2/layoutx8/layoutxitem16">
      <left>0</left>
      <top>0</top>
      <width>84</width>
      <height>28</height>
      <backgroundColor>008080</backgroundColor>
      <bgColorEnabled>true</bgColorEnabled>
      <text>起始序号</text>
      <fontColor>FFFFFF</fontColor>
      <heavyEnabled>false</heavyEnabled>
    </control>
    <control type="LayoutXItem" pathname="/divRoot/layoutx6/layoutxitem13/panel2/layoutx8/layoutxitem17">
      <left>84</left>
      <top>0</top>
      <width>130</width>
      <height>28</height>
      <backgroundColor>d0d0d0</backgroundColor>
    </control>
    <control type="Edit" pathname="/divRoot/layoutx6/layoutxitem13/panel2/layoutx8/layoutxitem17/edit6">
      <left>0</left>
      <top>0</top>
      <width>130</width>
      <height>28</height>
      <dockX>fill</dockX>
      <dockY>fill</dockY>
      <backgroundSkin>edit1</backgroundSkin>
    </control>
    <control type="LayoutX" pathname="/divRoot/layoutx6/layoutxitem13/panel2/layoutx9">
      <left>18</left>
      <top>192</top>
      <width>214</width>
      <height>28</height>
      <dockX>center</dockX>
      <fieldCount>2</fieldCount>
    </control>
    <control type="LayoutXItem" pathname="/divRoot/layoutx6/layoutxitem13/panel2/layoutx9/layoutxitem18">
      <left>0</left>
      <top>0</top>
      <width>84</width>
      <height>28</height>
      <backgroundColor>008080</backgroundColor>
      <bgColorEnabled>true</bgColorEnabled>
      <text>结束序号</text>
      <fontColor>FFFFFF</fontColor>
      <heavyEnabled>false</heavyEnabled>
    </control>
    <control type="LayoutXItem" pathname="/divRoot/layoutx6/layoutxitem13/panel2/layoutx9/layoutxitem19">
      <left>84</left>
      <top>0</top>
      <width>130</width>
      <height>28</height>
      <backgroundColor>d0d0d0</backgroundColor>
    </control>
    <control type="Edit" pathname="/divRoot/layoutx6/layoutxitem13/panel2/layoutx9/layoutxitem19/edit7">
      <left>0</left>
      <top>0</top>
      <width>130</width>
      <height>28</height>
      <dockX>fill</dockX>
      <dockY>fill</dockY>
      <backgroundSkin>edit1</backgroundSkin>
    </control>
    <control type="LayoutX" pathname="/divRoot/layoutx6/layoutxitem13/panel2/layoutx10">
      <left>18</left>
      <top>228</top>
      <width>214</width>
      <height>28</height>
      <dockX>center</dockX>
      <fieldCount>2</fieldCount>
    </control>
    <control type="LayoutXItem" pathname="/divRoot/layoutx6/layoutxitem13/panel2/layoutx10/layoutxitem20">
      <left>0</left>
      <top>0</top>
      <width>84</width>
      <height>28</height>
      <backgroundColor>008080</backgroundColor>
      <bgColorEnabled>true</bgColorEnabled>
      <text>溯源信息</text>
      <fontColor>FFFFFF</fontColor>
      <heavyEnabled>false</heavyEnabled>
    </control>
    <control type="LayoutXItem" pathname="/divRoot/layoutx6/layoutxitem13/panel2/layoutx10/layoutxitem21">
      <left>84</left>
      <top>0</top>
      <width>130</width>
      <height>28</height>
      <backgroundColor>d0d0d0</backgroundColor>
    </control>
    <control type="Edit" pathname="/divRoot/layoutx6/layoutxitem13/panel2/layoutx10/layoutxitem21/edit8">
      <left>0</left>
      <top>0</top>
      <width>130</width>
      <height>28</height>
      <dockX>fill</dockX>
      <dockY>fill</dockY>
      <backgroundSkin>edit1</backgroundSkin>
    </control>
    <control type="Panel" pathname="/divRoot/layoutx6/layoutxitem13/panel2/panel4">
      <left>38</left>
      <top>287</top>
      <width>175</width>
      <height>33</height>
      <dockX>center</dockX>
      <backgroundColor>008080</backgroundColor>
      <backgroundSkin>skin1001</backgroundSkin>
      <text>删 除</text>
      <fontColor>FFFFFF</fontColor>
      <cursor>pointer</cursor>
      <onClick>del();</onClick>
    </control>
    <control type="Panel" pathname="/divRoot/layoutx6/layoutxitem13/panel2/panel5">
      <left>38</left>
      <top>331</top>
      <width>175</width>
      <height>33</height>
      <dockX>center</dockX>
      <backgroundColor>008080</backgroundColor>
      <backgroundSkin>skin1001</backgroundSkin>
      <text>增 加</text>
      <fontColor>FFFFFF</fontColor>
      <cursor>pointer</cursor>
      <onClick>insert();</onClick>
    </control>
    <control type="Panel" pathname="/divRoot/layoutx6/layoutxitem13/panel2/panel6">
      <left>38</left>
      <top>373</top>
      <width>175</width>
      <height>33</height>
      <dockX>center</dockX>
      <backgroundColor>008080</backgroundColor>
      <backgroundSkin>skin1001</backgroundSkin>
      <text>修 改</text>
      <fontColor>FFFFFF</fontColor>
      <cursor>pointer</cursor>
      <onClick>modify();</onClick>
    </control>
    <control type="LayoutX" pathname="/divRoot/layoutx6/layoutxitem13/panel2/layoutx11">
      <left>18</left>
      <top>81</top>
      <width>214</width>
      <height>28</height>
      <dockX>center</dockX>
      <fieldCount>2</fieldCount>
    </control>
    <control type="LayoutXItem" pathname="/divRoot/layoutx6/layoutxitem13/panel2/layoutx11/layoutxitem22">
      <left>0</left>
      <top>0</top>
      <width>84</width>
      <height>28</height>
      <backgroundColor>008080</backgroundColor>
      <bgColorEnabled>true</bgColorEnabled>
      <text>ID</text>
      <fontColor>FFFFFF</fontColor>
      <heavyEnabled>false</heavyEnabled>
    </control>
    <control type="LayoutXItem" pathname="/divRoot/layoutx6/layoutxitem13/panel2/layoutx11/layoutxitem23">
      <left>84</left>
      <top>0</top>
      <width>130</width>
      <height>28</height>
      <backgroundColor>d0d0d0</backgroundColor>
      <backgroundSkin>line1000</backgroundSkin>
    </control>
  </controls>
  <sqlResultSet count="0" />
  <taskSet count="4">
    <taskSetItem name="query">
      <script1><![CDATA[var e1 = ee.getEditText(ee.getControl("edit1"));
var e2 = ee.getEditText(ee.getControl("edit2"));
var e3 = ee.getEditText(ee.getControl("edit3"));
var e4 = ee.getEditText(ee.getControl("edit4"));
//客户端验证
if (e1 == "") {
    e1 = 0;
} else {
    e1 = parseInt(e1);
    if (!(e1>0)) {
        alert("批号只能是大于零的整数");
        return;
    }
}
if (e3 == "") {
    e3 = 0;
} else {
    e3 = parseInt(e3);
    if (!(e3>0)) {
        alert("起始序号只能是大于零的整数");
        return;
    }
}
if (e4 == "") {
    e4 = 0;
} else {
    e4 = parseInt(e4);
    if (!(e4>0)) {
        alert("结束序号只能是大于零的整数");
        return;
    }
}
if ((e3>0)&amp;&amp;(e4<=e3)) {
    alert("结束序号必须大于起始序号");
    return;
}

//发送
eio.appendInt32(g5.pageSize);
eio.appendInt32(g5.pageCurrent);
eio.appendInt32(e1);
eio.appendString16(e2);
eio.appendInt32(e3);
eio.appendInt32(e4);




]]></script1>
      <script2><![CDATA[var pageSize = eio.readInt32();
var pageCurrent = eio.readInt32();
var e1 = eio.readInt32();
var e2 = eio.readString16();
var e3 = eio.readInt32();
var e4 = eio.readInt32();

//产生条件语句
var condition = "where accountName='" + db.encode(session.get("username")) + "'";
if (e1>0) {
    condition += " and batchId = " + e1;
}
if (e2!="") {
    condition += " and Note like '%" + db.encode(e2) + "%'";
}
if (e3>0) {
    condition += " and snStart<" + e4 + " and snEnd>" + e3;
}
var sql, sqlResult;

//获取记录数量
sql = "select count(*) as c from sourceInfo " + condition;
sqlResult = db.executeQuery("QR", sql);
db.read(sqlResult);
var count = db.getInt32(sqlResult, "c");

//读取表
sql =
    "SELECT id, batchId, convert(varchar, regdatetime, 120) as regdatetime, " +
    "cast(snStart as varchar) +'-'+ cast(snEnd as varchar) as snRange, " +
    "snEnd - snStart as c, Note from sourceInfo " +
    condition + " order by snStart desc, regdatetime desc";
var sqlResult = db.executeQuery("QR", sql);
eio.appendInt32(count);
eio.appendDataSet(sqlResult, "id,batchId,regdatetime,snRange,c,Note", pageSize*(pageCurrent-1), pageSize);






]]></script2>
      <script3>g5.pageRecordCount = eio.readInt32();
g5.dataset1 = eio.readDataSet();
g5.pageCount = parseInt((g5.pageRecordCount-1)/g5.pageSize)+1;
ee.setTableData(ee.getControl("tablebody1"), g5.dataset1, 0);
ee.setText(ee.getControl("layoutxitem11"), g5.pageCurrent + "/" + g5.pageCount);
</script3>
    </taskSetItem>
    <taskSetItem name="insert">
      <script1><![CDATA[var e1 = ee.getEditText(ee.getControl("edit5"));
var e2 = ee.getEditText(ee.getControl("edit6"));
var e3 = ee.getEditText(ee.getControl("edit7"));
var e4 = ee.getEditText(ee.getControl("edit8"));

//客户端验证
e1 = parseInt(e1);
if (!(e1>0)) {
    alert("批号只能是大于零的整数");
    return;
}
e2 = parseInt(e2);
if (!(e2>0)) {
    alert("起始序号只能是大于零的整数");
    return;
}
e3 = parseInt(e3);
if (!(e3>0)) {
    alert("结束序号只能是大于零的整数");
    return;
}
if (e3<=e2) {
    alert("结束序号必须大于起始序号");
    return;
}
if (e4=="") {
    alert("说明文字属于必填项");
}

//发送
eio.appendInt32(e1);
eio.appendInt32(e2);
eio.appendInt32(e3);
eio.appendString16(e4);

]]></script1>
      <script2><![CDATA[var batchId = eio.readInt32();
var snStart = eio.readInt32();
var snEnd = eio.readInt32();
var note = eio.readString16();

var sql, sqlResult;

//检测批号和序号范围是否存在
sql = 
    "select count(*) as c from qrBatchInfo where accountName='" + db.encode(session.get("username")) + "' "+
    " and batchId=" + batchId +
    " and qrSnStart<=" + snStart +
    " and qrSnStart+qrSnCount>=" + snEnd;
sqlResult = db.executeQuery("QR", sql);
db.read(sqlResult);
var count = db.getInt32(sqlResult, "c");

if (count==0) {
    eio.appendString8("F");
    eio.appendString16("对不起，你输入的产品批号或者序号范围不存在，请通过批号查询功能确定您目前已经购买的二维码批次信息");
} else {
    sql = 
        "insert into sourceInfo (accountName,batchId,snStart,snEnd,Note) values (" +
        "'" + db.encode(session.get("username")) + "'," +
        batchId + "," +
        snStart + "," +
        snEnd + "," +
        "'" + db.encode(note) + "')";
    db.executeNoneQuery("QR", sql);
    eio.appendString8("T");
}
]]></script2>
      <script3>var r = eio.readString8();
if (r=="F") {
    alert(eio.readString16());
    return;
}

query();</script3>
    </taskSetItem>
    <taskSetItem name="del">
      <script1><![CDATA[var e1 = ee.getText(ee.getControl("layoutxitem23"));

//客户端验证
e1 = parseInt(e1);
if (!(e1>0)) {
    alert("请选择一条记录后再进行操作");
    return;
}

//发送
eio.appendInt32(e1);
]]></script1>
      <script2>var id = eio.readInt32();

var sql, sqlResult;

sql = 
    "delete sourceInfo where accountName='" + db.encode(session.get("username")) + "' "+
    " and id=" + id;
db.executeNoneQuery("QR", sql);
eio.appendString8("T");
</script2>
      <script3>query();</script3>
    </taskSetItem>
    <taskSetItem name="modify">
      <script1><![CDATA[var e0 = ee.getText(ee.getControl("layoutxitem23"));
var e1 = ee.getEditText(ee.getControl("edit5"));
var e2 = ee.getEditText(ee.getControl("edit6"));
var e3 = ee.getEditText(ee.getControl("edit7"));
var e4 = ee.getEditText(ee.getControl("edit8"));

//客户端验证
e0 = parseInt(e0);
if (!(e0>0)) {
    alert("请选择一条有效的记录进行操作");
    return;
}
e1 = parseInt(e1);
if (!(e1>0)) {
    alert("批号只能是大于零的整数");
    return;
}
e2 = parseInt(e2);
if (!(e2>0)) {
    alert("起始序号只能是大于零的整数");
    return;
}
e3 = parseInt(e3);
if (!(e3>0)) {
    alert("结束序号只能是大于零的整数");
    return;
}
if (e3<=e2) {
    alert("结束序号必须大于起始序号");
    return;
}
if (e4=="") {
    alert("说明文字属于必填项");
}

//发送
eio.appendInt32(e0);
eio.appendInt32(e1);
eio.appendInt32(e2);
eio.appendInt32(e3);
eio.appendString16(e4);
]]></script1>
      <script2><![CDATA[var id = eio.readInt32();
var batchId = eio.readInt32();
var snStart = eio.readInt32();
var snEnd = eio.readInt32();
var note = eio.readString16();

var sql, sqlResult;

//检测批号和序号范围是否存在
sql = 
    "select count(*) as c from qrBatchInfo where accountName='" + db.encode(session.get("username")) + "' "+
    " and batchId=" + batchId +
    " and qrSnStart<=" + snStart +
    " and qrSnStart+qrSnCount>=" + snEnd;
sqlResult = db.executeQuery("QR", sql);
db.read(sqlResult);
var count = db.getInt32(sqlResult, "c");

if (count==0) {
    eio.appendString8("F");
    eio.appendString16("对不起，你输入的产品批号或者序号范围不存在，请通过批号查询功能确定您目前已经购买的二维码批次信息");
} else {
    sql = 
        "update sourceInfo set " +
        "batchId=" + batchId + "," +
        "snStart=" + snStart + "," +
        "snEnd=" + snEnd + "," +
        "note = '" + db.encode(note) + "' " +
        "where id=" + id;
    db.executeNoneQuery("QR", sql);
    eio.appendString8("T");
}
]]></script2>
      <script3>var r = eio.readString8();
if (r=="F") {
    alert(eio.readString16());
    return;
}

query();</script3>
    </taskSetItem>
  </taskSet>
  <gridLines count="0" />
</page>