<page>
  <controls count="13">
    <control type="DivRoot" pathname="/divRoot">
      <left>0</left>
      <top>0</top>
      <width>1358</width>
      <height>719</height>
      <dockX>fill</dockX>
      <dockY>fill</dockY>
      <backgroundColor>ffffff</backgroundColor>
      <bgColorEnabled>true</bgColorEnabled>
    </control>
    <control type="LayoutY" pathname="/divRoot/layouty1">
      <left>0</left>
      <top>0</top>
      <width>1358</width>
      <height>719</height>
      <dockX>fill</dockX>
      <dockY>fill</dockY>
    </control>
    <control type="LayoutYItem" pathname="/divRoot/layouty1/layoutyitem1">
      <left>0</left>
      <top>0</top>
      <width>1358</width>
      <height>127</height>
      <backgroundColor>CBDEE7</backgroundColor>
      <backgroundImgMode>fill</backgroundImgMode>
      <heavyEnabled>false</heavyEnabled>
    </control>
    <control type="Panel" pathname="/divRoot/layouty1/layoutyitem1/panel5">
      <left>179</left>
      <top>0</top>
      <width>1000</width>
      <height>127</height>
      <dockX>center</dockX>
      <dockY>fill</dockY>
    </control>
    <control type="Panel" pathname="/divRoot/layouty1/layoutyitem1/panel5/panel6">
      <left>8</left>
      <top>56</top>
      <width>447</width>
      <height>66</height>
      <text>MA315防伪认证平台用户中心</text>
      <fontFamily>黑体</fontFamily>
      <fontSize>24</fontSize>
      <fontColor>800000</fontColor>
      <fontBold>true</fontBold>
    </control>
    <control type="LayoutYItem" pathname="/divRoot/layouty1/layoutyitem2">
      <left>0</left>
      <top>127</top>
      <width>1358</width>
      <height>509</height>
      <backgroundColor>CBDEE7</backgroundColor>
      <backgroundImg>ma315.jpg</backgroundImg>
    </control>
    <control type="Panel" pathname="/divRoot/layouty1/layoutyitem2/panel1">
      <left>451</left>
      <top>182</top>
      <width>455</width>
      <height>145</height>
      <dockX>center</dockX>
      <dockY>center</dockY>
      <backgroundSkin>body2a</backgroundSkin>
    </control>
    <control type="Panel" pathname="/divRoot/layouty1/layoutyitem2/panel1/panel3">
      <left>28</left>
      <top>55</top>
      <width>97</width>
      <height>30</height>
      <backgroundSkin>body2</backgroundSkin>
      <text>密码</text>
    </control>
    <control type="Panel" pathname="/divRoot/layouty1/layoutyitem2/panel1/panel2">
      <left>28</left>
      <top>18</top>
      <width>97</width>
      <height>30</height>
      <backgroundSkin>body2</backgroundSkin>
      <text>用户名</text>
    </control>
    <control type="Edit" pathname="/divRoot/layouty1/layoutyitem2/panel1/edit1">
      <left>131</left>
      <top>19</top>
      <width>299</width>
      <height>30</height>
      <backgroundSkin>edit1</backgroundSkin>
    </control>
    <control type="Edit" pathname="/divRoot/layouty1/layoutyitem2/panel1/edit2">
      <left>131</left>
      <top>56</top>
      <width>299</width>
      <height>30</height>
      <backgroundSkin>edit1</backgroundSkin>
      <inputPassword>true</inputPassword>
    </control>
    <control type="Panel" pathname="/divRoot/layouty1/layoutyitem2/panel1/panel4">
      <left>302</left>
      <top>96</top>
      <width>129</width>
      <height>29</height>
      <backgroundSkin>skin1000</backgroundSkin>
      <text><![CDATA[登 录 >>>]]></text>
      <cursor>pointer</cursor>
      <onClick>login();</onClick>
    </control>
    <control type="LayoutYItem" pathname="/divRoot/layouty1/layoutyitem3">
      <left>0</left>
      <top>636</top>
      <width>1358</width>
      <height>83</height>
      <backgroundColor>CBDEE7</backgroundColor>
      <text>上海六舟网络科技有限公司</text>
      <fontColor>808080</fontColor>
      <heavy>30</heavy>
      <heavyEnabled>false</heavyEnabled>
    </control>
  </controls>
  <sqlResultSet count="0" />
  <taskSet count="1">
    <taskSetItem name="login">
      <script1>g5.username = ee.getEditText(ee.getControl("edit1"));
g5.password = ee.getEditText(ee.getControl("edit2"));
if (g5.username.length==0) {
    alert("请输入用户名");
    return;
}
eio.appendString8(g5.username);
eio.appendString8(g5.password);
</script1>
      <script2>var username = eio.readString8();
var password = eio.readString8();
var passwordMd5 = es.getMd5(password);
var sql = "select * from manufacturerInfo where accountName='" + db.encode(username) + "' and (accountPassword='" + passwordMd5 + "' or accountPassword = '')";
var sqlResult = db.executeQuery("QR", sql);
if (sqlResult == null) {
    eio.appendString8("系统繁忙请稍后再试");
} else {
    if (db.read(sqlResult)) {
        eio.appendString8("");
        session.set("username",username);
    } else {
        eio.appendString8("用户名或密码错误");
    }
}
</script2>
      <script3><![CDATA[var result = eio.readString8();
if (result.length > 0) {
    alert("无法登录：" + result);
    return;
}
window.location.href = ee.pageRoot + "/main"; 

]]></script3>
    </taskSetItem>
  </taskSet>
  <gridLines count="0" />
</page>