<page>
  <controls count="3">
    <control type="DivRoot" pathname="/divRoot">
      <left>0</left>
      <top>0</top>
      <width>1000</width>
      <height>800</height>
      <backgroundColor>E1E4DD</backgroundColor>
      <bgColorEnabled>true</bgColorEnabled>
      <onPageLoad>document.body.style.backgroundColor="#e1e4dd";
</onPageLoad>
    </control>
    <control type="Panel" pathname="/divRoot/panel1">
      <left>89</left>
      <top>30</top>
      <width>807</width>
      <height>574</height>
      <backgroundImg>CPY0000.jpg</backgroundImg>
      <backgroundImgMode>fill</backgroundImgMode>
    </control>
    <control type="Panel" pathname="/divRoot/panel2">
      <left>298</left>
      <top>27</top>
      <width>414</width>
      <text>正在建设中...</text>
      <fontFamily>黑体</fontFamily>
      <fontSize>30</fontSize>
      <fontColor>CD853F</fontColor>
      <fontBold>true</fontBold>
    </control>
  </controls>
  <sqlResultSet count="0" />
  <taskSet count="0" />
  <gridLines count="0" />
</page>