<page>
  <controls count="325">
    <control type="DivRoot" pathname="/divRoot">
      <left>0</left>
      <top>0</top>
      <width>1200</width>
      <height>800</height>
      <backgroundColor>ffffff</backgroundColor>
      <bgColorEnabled>true</bgColorEnabled>
      <backgroundImg>p2d3a.jpg</backgroundImg>
      <backgroundImgMode>stretch</backgroundImgMode>
      <onPageCreate><![CDATA[//自动截取超长字串并在尾部加入...
g5.cutString = function (str, len) {
    if(str.length*2 <= len) {
        return str;
    }
    var strlen = 0;
    var s = "";
    for(var i = 0;i < str.length; i++) {
        s = s + str.charAt(i);
        if (str.charCodeAt(i) > 128) {
            strlen = strlen + 2;
           if(strlen >= len){
                return s.substring(0,s.length-1) + "...";
            }
        } else {
            strlen = strlen + 1;
            if(strlen >= len){
                return s.substring(0,s.length-2) + "...";
            }
        }
    }
    return s;
}
g5.username = "<% request.get("username"); %>";
g5.mingyuanKey = "<% request.get("mk"); %>";


]]></onPageCreate>
      <onPageLoad>document.body.style.backgroundColor="#ffffff";
</onPageLoad>
      <onControlLoad>$("divRoot").style.width = "100%";
//$("divRoot").style.height = "100%";
$("ee_divRoot").style.width = "100%";
//$("ee_divRoot").style.height = "100%";

ee.getControl("tabletitleitem9").style.cursor = "hand";
getData3();</onControlLoad>
    </control>
    <control type="TableTitle" pathname="/divRoot/tabletitle1">
      <left>10</left>
      <top>9</top>
      <width>580</width>
      <height>39</height>
      <backgroundSkin>title1</backgroundSkin>
      <columnCount>3</columnCount>
      <tableBody>tablebody1</tableBody>
    </control>
    <control type="TableTitleItem" pathname="/divRoot/tabletitle1/tabletitleitem1">
      <left>0</left>
      <top>0</top>
      <width>28</width>
      <height>39</height>
      <backgroundColor>f0f0f0</backgroundColor>
      <heavyEnabled>false</heavyEnabled>
    </control>
    <control type="TableTitleItem" pathname="/divRoot/tabletitle1/tabletitleitem2">
      <left>28</left>
      <top>0</top>
      <width>467</width>
      <height>39</height>
      <backgroundColor>d0d0d0</backgroundColor>
      <text>单位新闻</text>
      <fontBold>true</fontBold>
      <hAlign>left</hAlign>
    </control>
    <control type="TableTitleItem" pathname="/divRoot/tabletitle1/tabletitleitem3">
      <left>495</left>
      <top>0</top>
      <width>85</width>
      <height>39</height>
      <backgroundColor>f0f0f0</backgroundColor>
      <heavyEnabled>false</heavyEnabled>
    </control>
    <control type="TableBody" pathname="/divRoot/tablebody1">
      <left>10</left>
      <top>48</top>
      <width>580</width>
      <height>186</height>
      <backgroundSkin>body1</backgroundSkin>
      <rowCount>7</rowCount>
      <tableTitle>tabletitle1</tableTitle>
    </control>
    <control type="TableBodyItem" pathname="/divRoot/tablebody1/tablebodyitem1">
      <left>0</left>
      <top>0</top>
      <width>28</width>
      <height>27</height>
      <backgroundColor>f0f0f0</backgroundColor>
      <backgroundImgMode>center</backgroundImgMode>
      <onUpdate>if (sender.rowIndex==0) {
	ee.setVisible(sender.panel4, false);
}</onUpdate>
    </control>
    <control type="Panel" pathname="/divRoot/tablebody1/tablebodyitem1/panel1">
      <left>10</left>
      <top>6</top>
      <width>17</width>
      <height>16</height>
      <backgroundImg>dot.png</backgroundImg>
      <backgroundImgMode>center</backgroundImgMode>
    </control>
    <control type="Panel" pathname="/divRoot/tablebody1/tablebodyitem1/panel4">
      <left>11</left>
      <top>0</top>
      <width>20</width>
      <height>1</height>
      <backgroundColor>C0C0C0</backgroundColor>
      <bgColorEnabled>true</bgColorEnabled>
    </control>
    <control type="TableBodyItem" pathname="/divRoot/tablebody1/tablebodyitem2">
      <left>28</left>
      <top>0</top>
      <width>467</width>
      <height>27</height>
      <backgroundColor>d0d0d0</backgroundColor>
      <text>内容</text>
      <fontColor>404040</fontColor>
      <hAlign>left</hAlign>
      <onUpdate>if (sender.rowIndex==0) {
	ee.setVisible(sender.panel2, false);
}
ee.setText(sender, text);

</onUpdate>
    </control>
    <control type="Panel" pathname="/divRoot/tablebody1/tablebodyitem2/panel2">
      <left>0</left>
      <top>0</top>
      <width>470</width>
      <height>1</height>
      <backgroundColor>C0C0C0</backgroundColor>
      <bgColorEnabled>true</bgColorEnabled>
    </control>
    <control type="TableBodyItem" pathname="/divRoot/tablebody1/tablebodyitem3">
      <left>495</left>
      <top>0</top>
      <width>85</width>
      <height>27</height>
      <backgroundColor>f0f0f0</backgroundColor>
      <text>2014-11-17</text>
      <fontFamily>Arial</fontFamily>
      <fontColor>696969</fontColor>
      <onUpdate>if (sender.rowIndex==0) {
	ee.setVisible(sender.panel3, false);
}
ee.setText(sender, text);
</onUpdate>
    </control>
    <control type="Panel" pathname="/divRoot/tablebody1/tablebodyitem3/panel3">
      <left>0</left>
      <top>0</top>
      <width>75</width>
      <height>1</height>
      <backgroundColor>C0C0C0</backgroundColor>
      <bgColorEnabled>true</bgColorEnabled>
    </control>
    <control type="Panel" pathname="/divRoot/tablebody1/temp37">
      <left>0</left>
      <top>27</top>
      <width>28</width>
      <height>26</height>
      <backgroundColor>f0f0f0</backgroundColor>
      <backgroundImgMode>center</backgroundImgMode>
    </control>
    <control type="Panel" pathname="/divRoot/tablebody1/temp37/panel1">
      <left>10</left>
      <top>6</top>
      <width>17</width>
      <height>16</height>
      <backgroundImg>dot.png</backgroundImg>
      <backgroundImgMode>center</backgroundImgMode>
    </control>
    <control type="Panel" pathname="/divRoot/tablebody1/temp37/panel4">
      <left>11</left>
      <top>0</top>
      <width>20</width>
      <height>1</height>
      <backgroundColor>C0C0C0</backgroundColor>
      <bgColorEnabled>true</bgColorEnabled>
    </control>
    <control type="Panel" pathname="/divRoot/tablebody1/temp38">
      <left>28</left>
      <top>27</top>
      <width>467</width>
      <height>26</height>
      <backgroundColor>d0d0d0</backgroundColor>
      <text>内容</text>
      <fontColor>404040</fontColor>
      <hAlign>left</hAlign>
    </control>
    <control type="Panel" pathname="/divRoot/tablebody1/temp38/panel2">
      <left>0</left>
      <top>0</top>
      <width>470</width>
      <height>1</height>
      <backgroundColor>C0C0C0</backgroundColor>
      <bgColorEnabled>true</bgColorEnabled>
    </control>
    <control type="Panel" pathname="/divRoot/tablebody1/temp39">
      <left>495</left>
      <top>27</top>
      <width>85</width>
      <height>26</height>
      <backgroundColor>f0f0f0</backgroundColor>
      <text>2014-11-17</text>
      <fontFamily>Arial</fontFamily>
      <fontColor>696969</fontColor>
    </control>
    <control type="Panel" pathname="/divRoot/tablebody1/temp39/panel3">
      <left>0</left>
      <top>0</top>
      <width>75</width>
      <height>1</height>
      <backgroundColor>C0C0C0</backgroundColor>
      <bgColorEnabled>true</bgColorEnabled>
    </control>
    <control type="Panel" pathname="/divRoot/tablebody1/temp40">
      <left>0</left>
      <top>53</top>
      <width>28</width>
      <height>27</height>
      <backgroundColor>f0f0f0</backgroundColor>
      <backgroundImgMode>center</backgroundImgMode>
    </control>
    <control type="Panel" pathname="/divRoot/tablebody1/temp40/panel1">
      <left>10</left>
      <top>6</top>
      <width>17</width>
      <height>16</height>
      <backgroundImg>dot.png</backgroundImg>
      <backgroundImgMode>center</backgroundImgMode>
    </control>
    <control type="Panel" pathname="/divRoot/tablebody1/temp40/panel4">
      <left>11</left>
      <top>0</top>
      <width>20</width>
      <height>1</height>
      <backgroundColor>C0C0C0</backgroundColor>
      <bgColorEnabled>true</bgColorEnabled>
    </control>
    <control type="Panel" pathname="/divRoot/tablebody1/temp41">
      <left>28</left>
      <top>53</top>
      <width>467</width>
      <height>27</height>
      <backgroundColor>d0d0d0</backgroundColor>
      <text>内容</text>
      <fontColor>404040</fontColor>
      <hAlign>left</hAlign>
    </control>
    <control type="Panel" pathname="/divRoot/tablebody1/temp41/panel2">
      <left>0</left>
      <top>0</top>
      <width>470</width>
      <height>1</height>
      <backgroundColor>C0C0C0</backgroundColor>
      <bgColorEnabled>true</bgColorEnabled>
    </control>
    <control type="Panel" pathname="/divRoot/tablebody1/temp42">
      <left>495</left>
      <top>53</top>
      <width>85</width>
      <height>27</height>
      <backgroundColor>f0f0f0</backgroundColor>
      <text>2014-11-17</text>
      <fontFamily>Arial</fontFamily>
      <fontColor>696969</fontColor>
    </control>
    <control type="Panel" pathname="/divRoot/tablebody1/temp42/panel3">
      <left>0</left>
      <top>0</top>
      <width>75</width>
      <height>1</height>
      <backgroundColor>C0C0C0</backgroundColor>
      <bgColorEnabled>true</bgColorEnabled>
    </control>
    <control type="Panel" pathname="/divRoot/tablebody1/temp43">
      <left>0</left>
      <top>80</top>
      <width>28</width>
      <height>26</height>
      <backgroundColor>f0f0f0</backgroundColor>
      <backgroundImgMode>center</backgroundImgMode>
    </control>
    <control type="Panel" pathname="/divRoot/tablebody1/temp43/panel1">
      <left>10</left>
      <top>6</top>
      <width>17</width>
      <height>16</height>
      <backgroundImg>dot.png</backgroundImg>
      <backgroundImgMode>center</backgroundImgMode>
    </control>
    <control type="Panel" pathname="/divRoot/tablebody1/temp43/panel4">
      <left>11</left>
      <top>0</top>
      <width>20</width>
      <height>1</height>
      <backgroundColor>C0C0C0</backgroundColor>
      <bgColorEnabled>true</bgColorEnabled>
    </control>
    <control type="Panel" pathname="/divRoot/tablebody1/temp44">
      <left>28</left>
      <top>80</top>
      <width>467</width>
      <height>26</height>
      <backgroundColor>d0d0d0</backgroundColor>
      <text>内容</text>
      <fontColor>404040</fontColor>
      <hAlign>left</hAlign>
    </control>
    <control type="Panel" pathname="/divRoot/tablebody1/temp44/panel2">
      <left>0</left>
      <top>0</top>
      <width>470</width>
      <height>1</height>
      <backgroundColor>C0C0C0</backgroundColor>
      <bgColorEnabled>true</bgColorEnabled>
    </control>
    <control type="Panel" pathname="/divRoot/tablebody1/temp45">
      <left>495</left>
      <top>80</top>
      <width>85</width>
      <height>26</height>
      <backgroundColor>f0f0f0</backgroundColor>
      <text>2014-11-17</text>
      <fontFamily>Arial</fontFamily>
      <fontColor>696969</fontColor>
    </control>
    <control type="Panel" pathname="/divRoot/tablebody1/temp45/panel3">
      <left>0</left>
      <top>0</top>
      <width>75</width>
      <height>1</height>
      <backgroundColor>C0C0C0</backgroundColor>
      <bgColorEnabled>true</bgColorEnabled>
    </control>
    <control type="Panel" pathname="/divRoot/tablebody1/temp46">
      <left>0</left>
      <top>106</top>
      <width>28</width>
      <height>27</height>
      <backgroundColor>f0f0f0</backgroundColor>
      <backgroundImgMode>center</backgroundImgMode>
    </control>
    <control type="Panel" pathname="/divRoot/tablebody1/temp46/panel1">
      <left>10</left>
      <top>6</top>
      <width>17</width>
      <height>16</height>
      <backgroundImg>dot.png</backgroundImg>
      <backgroundImgMode>center</backgroundImgMode>
    </control>
    <control type="Panel" pathname="/divRoot/tablebody1/temp46/panel4">
      <left>11</left>
      <top>0</top>
      <width>20</width>
      <height>1</height>
      <backgroundColor>C0C0C0</backgroundColor>
      <bgColorEnabled>true</bgColorEnabled>
    </control>
    <control type="Panel" pathname="/divRoot/tablebody1/temp47">
      <left>28</left>
      <top>106</top>
      <width>467</width>
      <height>27</height>
      <backgroundColor>d0d0d0</backgroundColor>
      <text>内容</text>
      <fontColor>404040</fontColor>
      <hAlign>left</hAlign>
    </control>
    <control type="Panel" pathname="/divRoot/tablebody1/temp47/panel2">
      <left>0</left>
      <top>0</top>
      <width>470</width>
      <height>1</height>
      <backgroundColor>C0C0C0</backgroundColor>
      <bgColorEnabled>true</bgColorEnabled>
    </control>
    <control type="Panel" pathname="/divRoot/tablebody1/temp48">
      <left>495</left>
      <top>106</top>
      <width>85</width>
      <height>27</height>
      <backgroundColor>f0f0f0</backgroundColor>
      <text>2014-11-17</text>
      <fontFamily>Arial</fontFamily>
      <fontColor>696969</fontColor>
    </control>
    <control type="Panel" pathname="/divRoot/tablebody1/temp48/panel3">
      <left>0</left>
      <top>0</top>
      <width>75</width>
      <height>1</height>
      <backgroundColor>C0C0C0</backgroundColor>
      <bgColorEnabled>true</bgColorEnabled>
    </control>
    <control type="Panel" pathname="/divRoot/tablebody1/temp49">
      <left>0</left>
      <top>133</top>
      <width>28</width>
      <height>26</height>
      <backgroundColor>f0f0f0</backgroundColor>
      <backgroundImgMode>center</backgroundImgMode>
    </control>
    <control type="Panel" pathname="/divRoot/tablebody1/temp49/panel1">
      <left>10</left>
      <top>6</top>
      <width>17</width>
      <height>16</height>
      <backgroundImg>dot.png</backgroundImg>
      <backgroundImgMode>center</backgroundImgMode>
    </control>
    <control type="Panel" pathname="/divRoot/tablebody1/temp49/panel4">
      <left>11</left>
      <top>0</top>
      <width>20</width>
      <height>1</height>
      <backgroundColor>C0C0C0</backgroundColor>
      <bgColorEnabled>true</bgColorEnabled>
    </control>
    <control type="Panel" pathname="/divRoot/tablebody1/temp50">
      <left>28</left>
      <top>133</top>
      <width>467</width>
      <height>26</height>
      <backgroundColor>d0d0d0</backgroundColor>
      <text>内容</text>
      <fontColor>404040</fontColor>
      <hAlign>left</hAlign>
    </control>
    <control type="Panel" pathname="/divRoot/tablebody1/temp50/panel2">
      <left>0</left>
      <top>0</top>
      <width>470</width>
      <height>1</height>
      <backgroundColor>C0C0C0</backgroundColor>
      <bgColorEnabled>true</bgColorEnabled>
    </control>
    <control type="Panel" pathname="/divRoot/tablebody1/temp51">
      <left>495</left>
      <top>133</top>
      <width>85</width>
      <height>26</height>
      <backgroundColor>f0f0f0</backgroundColor>
      <text>2014-11-17</text>
      <fontFamily>Arial</fontFamily>
      <fontColor>696969</fontColor>
    </control>
    <control type="Panel" pathname="/divRoot/tablebody1/temp51/panel3">
      <left>0</left>
      <top>0</top>
      <width>75</width>
      <height>1</height>
      <backgroundColor>C0C0C0</backgroundColor>
      <bgColorEnabled>true</bgColorEnabled>
    </control>
    <control type="Panel" pathname="/divRoot/tablebody1/temp52">
      <left>0</left>
      <top>159</top>
      <width>28</width>
      <height>27</height>
      <backgroundColor>f0f0f0</backgroundColor>
      <backgroundImgMode>center</backgroundImgMode>
    </control>
    <control type="Panel" pathname="/divRoot/tablebody1/temp52/panel1">
      <left>10</left>
      <top>6</top>
      <width>17</width>
      <height>16</height>
      <backgroundImg>dot.png</backgroundImg>
      <backgroundImgMode>center</backgroundImgMode>
    </control>
    <control type="Panel" pathname="/divRoot/tablebody1/temp52/panel4">
      <left>11</left>
      <top>0</top>
      <width>20</width>
      <height>1</height>
      <backgroundColor>C0C0C0</backgroundColor>
      <bgColorEnabled>true</bgColorEnabled>
    </control>
    <control type="Panel" pathname="/divRoot/tablebody1/temp53">
      <left>28</left>
      <top>159</top>
      <width>467</width>
      <height>27</height>
      <backgroundColor>d0d0d0</backgroundColor>
      <text>内容</text>
      <fontColor>404040</fontColor>
      <hAlign>left</hAlign>
    </control>
    <control type="Panel" pathname="/divRoot/tablebody1/temp53/panel2">
      <left>0</left>
      <top>0</top>
      <width>470</width>
      <height>1</height>
      <backgroundColor>C0C0C0</backgroundColor>
      <bgColorEnabled>true</bgColorEnabled>
    </control>
    <control type="Panel" pathname="/divRoot/tablebody1/temp54">
      <left>495</left>
      <top>159</top>
      <width>85</width>
      <height>27</height>
      <backgroundColor>f0f0f0</backgroundColor>
      <text>2014-11-17</text>
      <fontFamily>Arial</fontFamily>
      <fontColor>696969</fontColor>
    </control>
    <control type="Panel" pathname="/divRoot/tablebody1/temp54/panel3">
      <left>0</left>
      <top>0</top>
      <width>75</width>
      <height>1</height>
      <backgroundColor>C0C0C0</backgroundColor>
      <bgColorEnabled>true</bgColorEnabled>
    </control>
    <control type="TableTitle" pathname="/divRoot/tabletitle2">
      <left>601</left>
      <top>9</top>
      <width>580</width>
      <height>39</height>
      <backgroundSkin>title1</backgroundSkin>
      <columnCount>3</columnCount>
      <tableBody>tablebody2</tableBody>
    </control>
    <control type="TableTitleItem" pathname="/divRoot/tabletitle2/tabletitleitem4">
      <left>0</left>
      <top>0</top>
      <width>28</width>
      <height>39</height>
      <backgroundColor>f0f0f0</backgroundColor>
      <heavyEnabled>false</heavyEnabled>
    </control>
    <control type="TableTitleItem" pathname="/divRoot/tabletitle2/tabletitleitem5">
      <left>28</left>
      <top>0</top>
      <width>467</width>
      <height>39</height>
      <backgroundColor>d0d0d0</backgroundColor>
      <text>公告通知</text>
      <fontBold>true</fontBold>
      <hAlign>left</hAlign>
    </control>
    <control type="TableTitleItem" pathname="/divRoot/tabletitle2/tabletitleitem6">
      <left>495</left>
      <top>0</top>
      <width>85</width>
      <height>39</height>
      <backgroundColor>f0f0f0</backgroundColor>
      <heavyEnabled>false</heavyEnabled>
    </control>
    <control type="TableBody" pathname="/divRoot/tablebody2">
      <left>601</left>
      <top>48</top>
      <width>580</width>
      <height>186</height>
      <backgroundSkin>body1</backgroundSkin>
      <rowCount>7</rowCount>
      <tableTitle>tabletitle2</tableTitle>
    </control>
    <control type="TableBodyItem" pathname="/divRoot/tablebody2/tablebodyitem4">
      <left>0</left>
      <top>0</top>
      <width>28</width>
      <height>27</height>
      <backgroundColor>f0f0f0</backgroundColor>
      <backgroundImgMode>center</backgroundImgMode>
    </control>
    <control type="Panel" pathname="/divRoot/tablebody2/tablebodyitem4/panel5">
      <left>10</left>
      <top>5</top>
      <width>17</width>
      <height>16</height>
      <backgroundImg>dot.png</backgroundImg>
      <backgroundImgMode>center</backgroundImgMode>
    </control>
    <control type="Panel" pathname="/divRoot/tablebody2/tablebodyitem4/panel6">
      <left>11</left>
      <top>0</top>
      <width>20</width>
      <height>1</height>
      <backgroundColor>C0C0C0</backgroundColor>
      <bgColorEnabled>true</bgColorEnabled>
    </control>
    <control type="TableBodyItem" pathname="/divRoot/tablebody2/tablebodyitem5">
      <left>28</left>
      <top>0</top>
      <width>467</width>
      <height>27</height>
      <backgroundColor>d0d0d0</backgroundColor>
      <text>内容</text>
      <fontColor>404040</fontColor>
      <hAlign>left</hAlign>
    </control>
    <control type="Panel" pathname="/divRoot/tablebody2/tablebodyitem5/panel7">
      <left>0</left>
      <top>0</top>
      <width>470</width>
      <height>1</height>
      <backgroundColor>C0C0C0</backgroundColor>
      <bgColorEnabled>true</bgColorEnabled>
    </control>
    <control type="TableBodyItem" pathname="/divRoot/tablebody2/tablebodyitem6">
      <left>495</left>
      <top>0</top>
      <width>85</width>
      <height>27</height>
      <backgroundColor>f0f0f0</backgroundColor>
      <text>2014-11-17</text>
      <fontFamily>Arial</fontFamily>
      <fontColor>696969</fontColor>
    </control>
    <control type="Panel" pathname="/divRoot/tablebody2/tablebodyitem6/panel8">
      <left>0</left>
      <top>0</top>
      <width>75</width>
      <height>1</height>
      <backgroundColor>C0C0C0</backgroundColor>
      <bgColorEnabled>true</bgColorEnabled>
    </control>
    <control type="Panel" pathname="/divRoot/tablebody2/temp1">
      <left>0</left>
      <top>27</top>
      <width>28</width>
      <height>26</height>
      <backgroundColor>f0f0f0</backgroundColor>
      <backgroundImgMode>center</backgroundImgMode>
    </control>
    <control type="Panel" pathname="/divRoot/tablebody2/temp1/panel5">
      <left>10</left>
      <top>5</top>
      <width>17</width>
      <height>16</height>
      <backgroundImg>dot.png</backgroundImg>
      <backgroundImgMode>center</backgroundImgMode>
    </control>
    <control type="Panel" pathname="/divRoot/tablebody2/temp1/panel6">
      <left>11</left>
      <top>0</top>
      <width>20</width>
      <height>1</height>
      <backgroundColor>C0C0C0</backgroundColor>
      <bgColorEnabled>true</bgColorEnabled>
    </control>
    <control type="Panel" pathname="/divRoot/tablebody2/temp2">
      <left>28</left>
      <top>27</top>
      <width>467</width>
      <height>26</height>
      <backgroundColor>d0d0d0</backgroundColor>
      <text>内容</text>
      <fontColor>404040</fontColor>
      <hAlign>left</hAlign>
    </control>
    <control type="Panel" pathname="/divRoot/tablebody2/temp2/panel7">
      <left>0</left>
      <top>0</top>
      <width>470</width>
      <height>1</height>
      <backgroundColor>C0C0C0</backgroundColor>
      <bgColorEnabled>true</bgColorEnabled>
    </control>
    <control type="Panel" pathname="/divRoot/tablebody2/temp3">
      <left>495</left>
      <top>27</top>
      <width>85</width>
      <height>26</height>
      <backgroundColor>f0f0f0</backgroundColor>
      <text>2014-11-17</text>
      <fontFamily>Arial</fontFamily>
      <fontColor>696969</fontColor>
    </control>
    <control type="Panel" pathname="/divRoot/tablebody2/temp3/panel8">
      <left>0</left>
      <top>0</top>
      <width>75</width>
      <height>1</height>
      <backgroundColor>C0C0C0</backgroundColor>
      <bgColorEnabled>true</bgColorEnabled>
    </control>
    <control type="Panel" pathname="/divRoot/tablebody2/temp4">
      <left>0</left>
      <top>53</top>
      <width>28</width>
      <height>27</height>
      <backgroundColor>f0f0f0</backgroundColor>
      <backgroundImgMode>center</backgroundImgMode>
    </control>
    <control type="Panel" pathname="/divRoot/tablebody2/temp4/panel5">
      <left>10</left>
      <top>5</top>
      <width>17</width>
      <height>16</height>
      <backgroundImg>dot.png</backgroundImg>
      <backgroundImgMode>center</backgroundImgMode>
    </control>
    <control type="Panel" pathname="/divRoot/tablebody2/temp4/panel6">
      <left>11</left>
      <top>0</top>
      <width>20</width>
      <height>1</height>
      <backgroundColor>C0C0C0</backgroundColor>
      <bgColorEnabled>true</bgColorEnabled>
    </control>
    <control type="Panel" pathname="/divRoot/tablebody2/temp5">
      <left>28</left>
      <top>53</top>
      <width>467</width>
      <height>27</height>
      <backgroundColor>d0d0d0</backgroundColor>
      <text>内容</text>
      <fontColor>404040</fontColor>
      <hAlign>left</hAlign>
    </control>
    <control type="Panel" pathname="/divRoot/tablebody2/temp5/panel7">
      <left>0</left>
      <top>0</top>
      <width>470</width>
      <height>1</height>
      <backgroundColor>C0C0C0</backgroundColor>
      <bgColorEnabled>true</bgColorEnabled>
    </control>
    <control type="Panel" pathname="/divRoot/tablebody2/temp6">
      <left>495</left>
      <top>53</top>
      <width>85</width>
      <height>27</height>
      <backgroundColor>f0f0f0</backgroundColor>
      <text>2014-11-17</text>
      <fontFamily>Arial</fontFamily>
      <fontColor>696969</fontColor>
    </control>
    <control type="Panel" pathname="/divRoot/tablebody2/temp6/panel8">
      <left>0</left>
      <top>0</top>
      <width>75</width>
      <height>1</height>
      <backgroundColor>C0C0C0</backgroundColor>
      <bgColorEnabled>true</bgColorEnabled>
    </control>
    <control type="Panel" pathname="/divRoot/tablebody2/temp7">
      <left>0</left>
      <top>80</top>
      <width>28</width>
      <height>26</height>
      <backgroundColor>f0f0f0</backgroundColor>
      <backgroundImgMode>center</backgroundImgMode>
    </control>
    <control type="Panel" pathname="/divRoot/tablebody2/temp7/panel5">
      <left>10</left>
      <top>5</top>
      <width>17</width>
      <height>16</height>
      <backgroundImg>dot.png</backgroundImg>
      <backgroundImgMode>center</backgroundImgMode>
    </control>
    <control type="Panel" pathname="/divRoot/tablebody2/temp7/panel6">
      <left>11</left>
      <top>0</top>
      <width>20</width>
      <height>1</height>
      <backgroundColor>C0C0C0</backgroundColor>
      <bgColorEnabled>true</bgColorEnabled>
    </control>
    <control type="Panel" pathname="/divRoot/tablebody2/temp8">
      <left>28</left>
      <top>80</top>
      <width>467</width>
      <height>26</height>
      <backgroundColor>d0d0d0</backgroundColor>
      <text>内容</text>
      <fontColor>404040</fontColor>
      <hAlign>left</hAlign>
    </control>
    <control type="Panel" pathname="/divRoot/tablebody2/temp8/panel7">
      <left>0</left>
      <top>0</top>
      <width>470</width>
      <height>1</height>
      <backgroundColor>C0C0C0</backgroundColor>
      <bgColorEnabled>true</bgColorEnabled>
    </control>
    <control type="Panel" pathname="/divRoot/tablebody2/temp9">
      <left>495</left>
      <top>80</top>
      <width>85</width>
      <height>26</height>
      <backgroundColor>f0f0f0</backgroundColor>
      <text>2014-11-17</text>
      <fontFamily>Arial</fontFamily>
      <fontColor>696969</fontColor>
    </control>
    <control type="Panel" pathname="/divRoot/tablebody2/temp9/panel8">
      <left>0</left>
      <top>0</top>
      <width>75</width>
      <height>1</height>
      <backgroundColor>C0C0C0</backgroundColor>
      <bgColorEnabled>true</bgColorEnabled>
    </control>
    <control type="Panel" pathname="/divRoot/tablebody2/temp10">
      <left>0</left>
      <top>106</top>
      <width>28</width>
      <height>27</height>
      <backgroundColor>f0f0f0</backgroundColor>
      <backgroundImgMode>center</backgroundImgMode>
    </control>
    <control type="Panel" pathname="/divRoot/tablebody2/temp10/panel5">
      <left>10</left>
      <top>5</top>
      <width>17</width>
      <height>16</height>
      <backgroundImg>dot.png</backgroundImg>
      <backgroundImgMode>center</backgroundImgMode>
    </control>
    <control type="Panel" pathname="/divRoot/tablebody2/temp10/panel6">
      <left>11</left>
      <top>0</top>
      <width>20</width>
      <height>1</height>
      <backgroundColor>C0C0C0</backgroundColor>
      <bgColorEnabled>true</bgColorEnabled>
    </control>
    <control type="Panel" pathname="/divRoot/tablebody2/temp11">
      <left>28</left>
      <top>106</top>
      <width>467</width>
      <height>27</height>
      <backgroundColor>d0d0d0</backgroundColor>
      <text>内容</text>
      <fontColor>404040</fontColor>
      <hAlign>left</hAlign>
    </control>
    <control type="Panel" pathname="/divRoot/tablebody2/temp11/panel7">
      <left>0</left>
      <top>0</top>
      <width>470</width>
      <height>1</height>
      <backgroundColor>C0C0C0</backgroundColor>
      <bgColorEnabled>true</bgColorEnabled>
    </control>
    <control type="Panel" pathname="/divRoot/tablebody2/temp12">
      <left>495</left>
      <top>106</top>
      <width>85</width>
      <height>27</height>
      <backgroundColor>f0f0f0</backgroundColor>
      <text>2014-11-17</text>
      <fontFamily>Arial</fontFamily>
      <fontColor>696969</fontColor>
    </control>
    <control type="Panel" pathname="/divRoot/tablebody2/temp12/panel8">
      <left>0</left>
      <top>0</top>
      <width>75</width>
      <height>1</height>
      <backgroundColor>C0C0C0</backgroundColor>
      <bgColorEnabled>true</bgColorEnabled>
    </control>
    <control type="Panel" pathname="/divRoot/tablebody2/temp13">
      <left>0</left>
      <top>133</top>
      <width>28</width>
      <height>26</height>
      <backgroundColor>f0f0f0</backgroundColor>
      <backgroundImgMode>center</backgroundImgMode>
    </control>
    <control type="Panel" pathname="/divRoot/tablebody2/temp13/panel5">
      <left>10</left>
      <top>5</top>
      <width>17</width>
      <height>16</height>
      <backgroundImg>dot.png</backgroundImg>
      <backgroundImgMode>center</backgroundImgMode>
    </control>
    <control type="Panel" pathname="/divRoot/tablebody2/temp13/panel6">
      <left>11</left>
      <top>0</top>
      <width>20</width>
      <height>1</height>
      <backgroundColor>C0C0C0</backgroundColor>
      <bgColorEnabled>true</bgColorEnabled>
    </control>
    <control type="Panel" pathname="/divRoot/tablebody2/temp14">
      <left>28</left>
      <top>133</top>
      <width>467</width>
      <height>26</height>
      <backgroundColor>d0d0d0</backgroundColor>
      <text>内容</text>
      <fontColor>404040</fontColor>
      <hAlign>left</hAlign>
    </control>
    <control type="Panel" pathname="/divRoot/tablebody2/temp14/panel7">
      <left>0</left>
      <top>0</top>
      <width>470</width>
      <height>1</height>
      <backgroundColor>C0C0C0</backgroundColor>
      <bgColorEnabled>true</bgColorEnabled>
    </control>
    <control type="Panel" pathname="/divRoot/tablebody2/temp15">
      <left>495</left>
      <top>133</top>
      <width>85</width>
      <height>26</height>
      <backgroundColor>f0f0f0</backgroundColor>
      <text>2014-11-17</text>
      <fontFamily>Arial</fontFamily>
      <fontColor>696969</fontColor>
    </control>
    <control type="Panel" pathname="/divRoot/tablebody2/temp15/panel8">
      <left>0</left>
      <top>0</top>
      <width>75</width>
      <height>1</height>
      <backgroundColor>C0C0C0</backgroundColor>
      <bgColorEnabled>true</bgColorEnabled>
    </control>
    <control type="Panel" pathname="/divRoot/tablebody2/temp16">
      <left>0</left>
      <top>159</top>
      <width>28</width>
      <height>27</height>
      <backgroundColor>f0f0f0</backgroundColor>
      <backgroundImgMode>center</backgroundImgMode>
    </control>
    <control type="Panel" pathname="/divRoot/tablebody2/temp16/panel5">
      <left>10</left>
      <top>5</top>
      <width>17</width>
      <height>16</height>
      <backgroundImg>dot.png</backgroundImg>
      <backgroundImgMode>center</backgroundImgMode>
    </control>
    <control type="Panel" pathname="/divRoot/tablebody2/temp16/panel6">
      <left>11</left>
      <top>0</top>
      <width>20</width>
      <height>1</height>
      <backgroundColor>C0C0C0</backgroundColor>
      <bgColorEnabled>true</bgColorEnabled>
    </control>
    <control type="Panel" pathname="/divRoot/tablebody2/temp17">
      <left>28</left>
      <top>159</top>
      <width>467</width>
      <height>27</height>
      <backgroundColor>d0d0d0</backgroundColor>
      <text>内容</text>
      <fontColor>404040</fontColor>
      <hAlign>left</hAlign>
    </control>
    <control type="Panel" pathname="/divRoot/tablebody2/temp17/panel7">
      <left>0</left>
      <top>0</top>
      <width>470</width>
      <height>1</height>
      <backgroundColor>C0C0C0</backgroundColor>
      <bgColorEnabled>true</bgColorEnabled>
    </control>
    <control type="Panel" pathname="/divRoot/tablebody2/temp18">
      <left>495</left>
      <top>159</top>
      <width>85</width>
      <height>27</height>
      <backgroundColor>f0f0f0</backgroundColor>
      <text>2014-11-17</text>
      <fontFamily>Arial</fontFamily>
      <fontColor>696969</fontColor>
    </control>
    <control type="Panel" pathname="/divRoot/tablebody2/temp18/panel8">
      <left>0</left>
      <top>0</top>
      <width>75</width>
      <height>1</height>
      <backgroundColor>C0C0C0</backgroundColor>
      <bgColorEnabled>true</bgColorEnabled>
    </control>
    <control type="TableTitle" pathname="/divRoot/tabletitle3">
      <left>9</left>
      <top>244</top>
      <width>580</width>
      <height>39</height>
      <backgroundSkin>title1</backgroundSkin>
      <columnCount>3</columnCount>
      <tableBody>tablebody3</tableBody>
    </control>
    <control type="TableTitleItem" pathname="/divRoot/tabletitle3/tabletitleitem7">
      <left>0</left>
      <top>0</top>
      <width>28</width>
      <height>39</height>
      <backgroundColor>f0f0f0</backgroundColor>
      <heavyEnabled>false</heavyEnabled>
    </control>
    <control type="TableTitleItem" pathname="/divRoot/tabletitle3/tabletitleitem8">
      <left>28</left>
      <top>0</top>
      <width>467</width>
      <height>39</height>
      <backgroundColor>d0d0d0</backgroundColor>
      <text>待办公文</text>
      <fontBold>true</fontBold>
      <hAlign>left</hAlign>
    </control>
    <control type="TableTitleItem" pathname="/divRoot/tabletitle3/tabletitleitem9">
      <left>495</left>
      <top>0</top>
      <width>85</width>
      <height>39</height>
      <backgroundColor>f0f0f0</backgroundColor>
      <text>更多</text>
      <fontColor>008080</fontColor>
      <fontBold>true</fontBold>
      <onClick>window.location.href="/msg.aspx"; </onClick>
      <heavyEnabled>false</heavyEnabled>
    </control>
    <control type="TableBody" pathname="/divRoot/tablebody3">
      <left>9</left>
      <top>283</top>
      <width>580</width>
      <height>186</height>
      <backgroundSkin>body1</backgroundSkin>
      <rowCount>7</rowCount>
      <tableTitle>tabletitle3</tableTitle>
    </control>
    <control type="TableBodyItem" pathname="/divRoot/tablebody3/tablebodyitem7">
      <left>0</left>
      <top>0</top>
      <width>28</width>
      <height>27</height>
      <backgroundColor>f0f0f0</backgroundColor>
      <backgroundImgMode>center</backgroundImgMode>
      <onUpdate>if (sender.rowIndex==0) {
	ee.setVisible(sender.panel10, false);
}
</onUpdate>
    </control>
    <control type="Panel" pathname="/divRoot/tablebody3/tablebodyitem7/panel9">
      <left>10</left>
      <top>5</top>
      <width>17</width>
      <height>16</height>
      <backgroundImg>dot.png</backgroundImg>
      <backgroundImgMode>center</backgroundImgMode>
    </control>
    <control type="Panel" pathname="/divRoot/tablebody3/tablebodyitem7/panel10">
      <left>11</left>
      <top>0</top>
      <width>20</width>
      <height>1</height>
      <backgroundColor>C0C0C0</backgroundColor>
      <bgColorEnabled>true</bgColorEnabled>
    </control>
    <control type="TableBodyItem" pathname="/divRoot/tablebody3/tablebodyitem8">
      <left>28</left>
      <top>0</top>
      <width>467</width>
      <height>27</height>
      <backgroundColor>d0d0d0</backgroundColor>
      <text>内容</text>
      <fontColor>404040</fontColor>
      <hAlign>left</hAlign>
      <onUpdate>if (sender.rowIndex==0) {
	ee.setVisible(sender.panel11, false);
	if (text=="") {
		ee.setText(sender, "暂无待办公文...");
		return;
	}
}
if (text.length==0) {
	sender.onclick = function() {
	}
	sender.style.cursor = "normal";
	ee.setText(sender,"");
	return;
}
//初始化数据
var a = text.split("`");
if (a.length!=2) return;
var name = a[0];
var url = a[1];
name = g5.cutString(name,60);


//设置单元格
ee.setText(sender, name);
sender.linkurl = url;
sender.style.cursor = "hand";
sender.onclick = function () {
	window.open(this.linkurl);
}




</onUpdate>
    </control>
    <control type="Panel" pathname="/divRoot/tablebody3/tablebodyitem8/panel11">
      <left>0</left>
      <top>0</top>
      <width>470</width>
      <height>1</height>
      <backgroundColor>C0C0C0</backgroundColor>
      <bgColorEnabled>true</bgColorEnabled>
    </control>
    <control type="TableBodyItem" pathname="/divRoot/tablebody3/tablebodyitem9">
      <left>495</left>
      <top>0</top>
      <width>85</width>
      <height>27</height>
      <backgroundColor>f0f0f0</backgroundColor>
      <text>2014-11-17</text>
      <fontFamily>Arial</fontFamily>
      <fontColor>696969</fontColor>
      <onUpdate><![CDATA[if (sender.rowIndex==0) {
	ee.setVisible(sender.panel12, false);
}
if (text.length>=16) {
	text = text.substring(5,5+11);
}
ee.setText(sender, text);]]></onUpdate>
    </control>
    <control type="Panel" pathname="/divRoot/tablebody3/tablebodyitem9/panel12">
      <left>0</left>
      <top>0</top>
      <width>75</width>
      <height>1</height>
      <backgroundColor>C0C0C0</backgroundColor>
      <bgColorEnabled>true</bgColorEnabled>
    </control>
    <control type="Panel" pathname="/divRoot/tablebody3/temp19">
      <left>0</left>
      <top>27</top>
      <width>28</width>
      <height>26</height>
      <backgroundColor>f0f0f0</backgroundColor>
      <backgroundImgMode>center</backgroundImgMode>
    </control>
    <control type="Panel" pathname="/divRoot/tablebody3/temp19/panel9">
      <left>10</left>
      <top>5</top>
      <width>17</width>
      <height>16</height>
      <backgroundImg>dot.png</backgroundImg>
      <backgroundImgMode>center</backgroundImgMode>
    </control>
    <control type="Panel" pathname="/divRoot/tablebody3/temp19/panel10">
      <left>11</left>
      <top>0</top>
      <width>20</width>
      <height>1</height>
      <backgroundColor>C0C0C0</backgroundColor>
      <bgColorEnabled>true</bgColorEnabled>
    </control>
    <control type="Panel" pathname="/divRoot/tablebody3/temp20">
      <left>28</left>
      <top>27</top>
      <width>467</width>
      <height>26</height>
      <backgroundColor>d0d0d0</backgroundColor>
      <text>内容</text>
      <fontColor>404040</fontColor>
      <hAlign>left</hAlign>
    </control>
    <control type="Panel" pathname="/divRoot/tablebody3/temp20/panel11">
      <left>0</left>
      <top>0</top>
      <width>470</width>
      <height>1</height>
      <backgroundColor>C0C0C0</backgroundColor>
      <bgColorEnabled>true</bgColorEnabled>
    </control>
    <control type="Panel" pathname="/divRoot/tablebody3/temp21">
      <left>495</left>
      <top>27</top>
      <width>85</width>
      <height>26</height>
      <backgroundColor>f0f0f0</backgroundColor>
      <text>2014-11-17</text>
      <fontFamily>Arial</fontFamily>
      <fontColor>696969</fontColor>
    </control>
    <control type="Panel" pathname="/divRoot/tablebody3/temp21/panel12">
      <left>0</left>
      <top>0</top>
      <width>75</width>
      <height>1</height>
      <backgroundColor>C0C0C0</backgroundColor>
      <bgColorEnabled>true</bgColorEnabled>
    </control>
    <control type="Panel" pathname="/divRoot/tablebody3/temp22">
      <left>0</left>
      <top>53</top>
      <width>28</width>
      <height>27</height>
      <backgroundColor>f0f0f0</backgroundColor>
      <backgroundImgMode>center</backgroundImgMode>
    </control>
    <control type="Panel" pathname="/divRoot/tablebody3/temp22/panel9">
      <left>10</left>
      <top>5</top>
      <width>17</width>
      <height>16</height>
      <backgroundImg>dot.png</backgroundImg>
      <backgroundImgMode>center</backgroundImgMode>
    </control>
    <control type="Panel" pathname="/divRoot/tablebody3/temp22/panel10">
      <left>11</left>
      <top>0</top>
      <width>20</width>
      <height>1</height>
      <backgroundColor>C0C0C0</backgroundColor>
      <bgColorEnabled>true</bgColorEnabled>
    </control>
    <control type="Panel" pathname="/divRoot/tablebody3/temp23">
      <left>28</left>
      <top>53</top>
      <width>467</width>
      <height>27</height>
      <backgroundColor>d0d0d0</backgroundColor>
      <text>内容</text>
      <fontColor>404040</fontColor>
      <hAlign>left</hAlign>
    </control>
    <control type="Panel" pathname="/divRoot/tablebody3/temp23/panel11">
      <left>0</left>
      <top>0</top>
      <width>470</width>
      <height>1</height>
      <backgroundColor>C0C0C0</backgroundColor>
      <bgColorEnabled>true</bgColorEnabled>
    </control>
    <control type="Panel" pathname="/divRoot/tablebody3/temp24">
      <left>495</left>
      <top>53</top>
      <width>85</width>
      <height>27</height>
      <backgroundColor>f0f0f0</backgroundColor>
      <text>2014-11-17</text>
      <fontFamily>Arial</fontFamily>
      <fontColor>696969</fontColor>
    </control>
    <control type="Panel" pathname="/divRoot/tablebody3/temp24/panel12">
      <left>0</left>
      <top>0</top>
      <width>75</width>
      <height>1</height>
      <backgroundColor>C0C0C0</backgroundColor>
      <bgColorEnabled>true</bgColorEnabled>
    </control>
    <control type="Panel" pathname="/divRoot/tablebody3/temp25">
      <left>0</left>
      <top>80</top>
      <width>28</width>
      <height>26</height>
      <backgroundColor>f0f0f0</backgroundColor>
      <backgroundImgMode>center</backgroundImgMode>
    </control>
    <control type="Panel" pathname="/divRoot/tablebody3/temp25/panel9">
      <left>10</left>
      <top>5</top>
      <width>17</width>
      <height>16</height>
      <backgroundImg>dot.png</backgroundImg>
      <backgroundImgMode>center</backgroundImgMode>
    </control>
    <control type="Panel" pathname="/divRoot/tablebody3/temp25/panel10">
      <left>11</left>
      <top>0</top>
      <width>20</width>
      <height>1</height>
      <backgroundColor>C0C0C0</backgroundColor>
      <bgColorEnabled>true</bgColorEnabled>
    </control>
    <control type="Panel" pathname="/divRoot/tablebody3/temp26">
      <left>28</left>
      <top>80</top>
      <width>467</width>
      <height>26</height>
      <backgroundColor>d0d0d0</backgroundColor>
      <text>内容</text>
      <fontColor>404040</fontColor>
      <hAlign>left</hAlign>
    </control>
    <control type="Panel" pathname="/divRoot/tablebody3/temp26/panel11">
      <left>0</left>
      <top>0</top>
      <width>470</width>
      <height>1</height>
      <backgroundColor>C0C0C0</backgroundColor>
      <bgColorEnabled>true</bgColorEnabled>
    </control>
    <control type="Panel" pathname="/divRoot/tablebody3/temp27">
      <left>495</left>
      <top>80</top>
      <width>85</width>
      <height>26</height>
      <backgroundColor>f0f0f0</backgroundColor>
      <text>2014-11-17</text>
      <fontFamily>Arial</fontFamily>
      <fontColor>696969</fontColor>
    </control>
    <control type="Panel" pathname="/divRoot/tablebody3/temp27/panel12">
      <left>0</left>
      <top>0</top>
      <width>75</width>
      <height>1</height>
      <backgroundColor>C0C0C0</backgroundColor>
      <bgColorEnabled>true</bgColorEnabled>
    </control>
    <control type="Panel" pathname="/divRoot/tablebody3/temp28">
      <left>0</left>
      <top>106</top>
      <width>28</width>
      <height>27</height>
      <backgroundColor>f0f0f0</backgroundColor>
      <backgroundImgMode>center</backgroundImgMode>
    </control>
    <control type="Panel" pathname="/divRoot/tablebody3/temp28/panel9">
      <left>10</left>
      <top>5</top>
      <width>17</width>
      <height>16</height>
      <backgroundImg>dot.png</backgroundImg>
      <backgroundImgMode>center</backgroundImgMode>
    </control>
    <control type="Panel" pathname="/divRoot/tablebody3/temp28/panel10">
      <left>11</left>
      <top>0</top>
      <width>20</width>
      <height>1</height>
      <backgroundColor>C0C0C0</backgroundColor>
      <bgColorEnabled>true</bgColorEnabled>
    </control>
    <control type="Panel" pathname="/divRoot/tablebody3/temp29">
      <left>28</left>
      <top>106</top>
      <width>467</width>
      <height>27</height>
      <backgroundColor>d0d0d0</backgroundColor>
      <text>内容</text>
      <fontColor>404040</fontColor>
      <hAlign>left</hAlign>
    </control>
    <control type="Panel" pathname="/divRoot/tablebody3/temp29/panel11">
      <left>0</left>
      <top>0</top>
      <width>470</width>
      <height>1</height>
      <backgroundColor>C0C0C0</backgroundColor>
      <bgColorEnabled>true</bgColorEnabled>
    </control>
    <control type="Panel" pathname="/divRoot/tablebody3/temp30">
      <left>495</left>
      <top>106</top>
      <width>85</width>
      <height>27</height>
      <backgroundColor>f0f0f0</backgroundColor>
      <text>2014-11-17</text>
      <fontFamily>Arial</fontFamily>
      <fontColor>696969</fontColor>
    </control>
    <control type="Panel" pathname="/divRoot/tablebody3/temp30/panel12">
      <left>0</left>
      <top>0</top>
      <width>75</width>
      <height>1</height>
      <backgroundColor>C0C0C0</backgroundColor>
      <bgColorEnabled>true</bgColorEnabled>
    </control>
    <control type="Panel" pathname="/divRoot/tablebody3/temp31">
      <left>0</left>
      <top>133</top>
      <width>28</width>
      <height>26</height>
      <backgroundColor>f0f0f0</backgroundColor>
      <backgroundImgMode>center</backgroundImgMode>
    </control>
    <control type="Panel" pathname="/divRoot/tablebody3/temp31/panel9">
      <left>10</left>
      <top>5</top>
      <width>17</width>
      <height>16</height>
      <backgroundImg>dot.png</backgroundImg>
      <backgroundImgMode>center</backgroundImgMode>
    </control>
    <control type="Panel" pathname="/divRoot/tablebody3/temp31/panel10">
      <left>11</left>
      <top>0</top>
      <width>20</width>
      <height>1</height>
      <backgroundColor>C0C0C0</backgroundColor>
      <bgColorEnabled>true</bgColorEnabled>
    </control>
    <control type="Panel" pathname="/divRoot/tablebody3/temp32">
      <left>28</left>
      <top>133</top>
      <width>467</width>
      <height>26</height>
      <backgroundColor>d0d0d0</backgroundColor>
      <text>内容</text>
      <fontColor>404040</fontColor>
      <hAlign>left</hAlign>
    </control>
    <control type="Panel" pathname="/divRoot/tablebody3/temp32/panel11">
      <left>0</left>
      <top>0</top>
      <width>470</width>
      <height>1</height>
      <backgroundColor>C0C0C0</backgroundColor>
      <bgColorEnabled>true</bgColorEnabled>
    </control>
    <control type="Panel" pathname="/divRoot/tablebody3/temp33">
      <left>495</left>
      <top>133</top>
      <width>85</width>
      <height>26</height>
      <backgroundColor>f0f0f0</backgroundColor>
      <text>2014-11-17</text>
      <fontFamily>Arial</fontFamily>
      <fontColor>696969</fontColor>
    </control>
    <control type="Panel" pathname="/divRoot/tablebody3/temp33/panel12">
      <left>0</left>
      <top>0</top>
      <width>75</width>
      <height>1</height>
      <backgroundColor>C0C0C0</backgroundColor>
      <bgColorEnabled>true</bgColorEnabled>
    </control>
    <control type="Panel" pathname="/divRoot/tablebody3/temp34">
      <left>0</left>
      <top>159</top>
      <width>28</width>
      <height>27</height>
      <backgroundColor>f0f0f0</backgroundColor>
      <backgroundImgMode>center</backgroundImgMode>
    </control>
    <control type="Panel" pathname="/divRoot/tablebody3/temp34/panel9">
      <left>10</left>
      <top>5</top>
      <width>17</width>
      <height>16</height>
      <backgroundImg>dot.png</backgroundImg>
      <backgroundImgMode>center</backgroundImgMode>
    </control>
    <control type="Panel" pathname="/divRoot/tablebody3/temp34/panel10">
      <left>11</left>
      <top>0</top>
      <width>20</width>
      <height>1</height>
      <backgroundColor>C0C0C0</backgroundColor>
      <bgColorEnabled>true</bgColorEnabled>
    </control>
    <control type="Panel" pathname="/divRoot/tablebody3/temp35">
      <left>28</left>
      <top>159</top>
      <width>467</width>
      <height>27</height>
      <backgroundColor>d0d0d0</backgroundColor>
      <text>内容</text>
      <fontColor>404040</fontColor>
      <hAlign>left</hAlign>
    </control>
    <control type="Panel" pathname="/divRoot/tablebody3/temp35/panel11">
      <left>0</left>
      <top>0</top>
      <width>470</width>
      <height>1</height>
      <backgroundColor>C0C0C0</backgroundColor>
      <bgColorEnabled>true</bgColorEnabled>
    </control>
    <control type="Panel" pathname="/divRoot/tablebody3/temp36">
      <left>495</left>
      <top>159</top>
      <width>85</width>
      <height>27</height>
      <backgroundColor>f0f0f0</backgroundColor>
      <text>2014-11-17</text>
      <fontFamily>Arial</fontFamily>
      <fontColor>696969</fontColor>
    </control>
    <control type="Panel" pathname="/divRoot/tablebody3/temp36/panel12">
      <left>0</left>
      <top>0</top>
      <width>75</width>
      <height>1</height>
      <backgroundColor>C0C0C0</backgroundColor>
      <bgColorEnabled>true</bgColorEnabled>
    </control>
    <control type="TableTitle" pathname="/divRoot/tabletitle4">
      <left>601</left>
      <top>244</top>
      <width>580</width>
      <height>39</height>
      <backgroundSkin>title1</backgroundSkin>
      <columnCount>3</columnCount>
      <tableBody>tablebody4</tableBody>
    </control>
    <control type="TableTitleItem" pathname="/divRoot/tabletitle4/tabletitleitem10">
      <left>0</left>
      <top>0</top>
      <width>28</width>
      <height>39</height>
      <backgroundColor>f0f0f0</backgroundColor>
      <heavyEnabled>false</heavyEnabled>
    </control>
    <control type="TableTitleItem" pathname="/divRoot/tabletitle4/tabletitleitem11">
      <left>28</left>
      <top>0</top>
      <width>467</width>
      <height>39</height>
      <backgroundColor>d0d0d0</backgroundColor>
      <text>公文监控</text>
      <fontBold>true</fontBold>
      <hAlign>left</hAlign>
    </control>
    <control type="TableTitleItem" pathname="/divRoot/tabletitle4/tabletitleitem12">
      <left>495</left>
      <top>0</top>
      <width>85</width>
      <height>39</height>
      <backgroundColor>f0f0f0</backgroundColor>
      <heavyEnabled>false</heavyEnabled>
    </control>
    <control type="TableBody" pathname="/divRoot/tablebody4">
      <left>601</left>
      <top>283</top>
      <width>580</width>
      <height>186</height>
      <backgroundSkin>body1</backgroundSkin>
      <rowCount>7</rowCount>
      <tableTitle>tabletitle4</tableTitle>
    </control>
    <control type="TableBodyItem" pathname="/divRoot/tablebody4/tablebodyitem10">
      <left>0</left>
      <top>0</top>
      <width>28</width>
      <height>27</height>
      <backgroundColor>f0f0f0</backgroundColor>
      <backgroundImgMode>center</backgroundImgMode>
    </control>
    <control type="Panel" pathname="/divRoot/tablebody4/tablebodyitem10/panel13">
      <left>10</left>
      <top>5</top>
      <width>17</width>
      <height>16</height>
      <backgroundImg>dot.png</backgroundImg>
      <backgroundImgMode>center</backgroundImgMode>
    </control>
    <control type="Panel" pathname="/divRoot/tablebody4/tablebodyitem10/panel14">
      <left>11</left>
      <top>0</top>
      <width>20</width>
      <height>1</height>
      <backgroundColor>C0C0C0</backgroundColor>
      <bgColorEnabled>true</bgColorEnabled>
    </control>
    <control type="TableBodyItem" pathname="/divRoot/tablebody4/tablebodyitem11">
      <left>28</left>
      <top>0</top>
      <width>467</width>
      <height>27</height>
      <backgroundColor>d0d0d0</backgroundColor>
      <text>内容</text>
      <fontColor>404040</fontColor>
      <hAlign>left</hAlign>
    </control>
    <control type="Panel" pathname="/divRoot/tablebody4/tablebodyitem11/panel15">
      <left>0</left>
      <top>0</top>
      <width>470</width>
      <height>1</height>
      <backgroundColor>C0C0C0</backgroundColor>
      <bgColorEnabled>true</bgColorEnabled>
    </control>
    <control type="TableBodyItem" pathname="/divRoot/tablebody4/tablebodyitem12">
      <left>495</left>
      <top>0</top>
      <width>85</width>
      <height>27</height>
      <backgroundColor>f0f0f0</backgroundColor>
      <text>2014-11-17</text>
      <fontFamily>Arial</fontFamily>
      <fontColor>696969</fontColor>
    </control>
    <control type="Panel" pathname="/divRoot/tablebody4/tablebodyitem12/panel16">
      <left>0</left>
      <top>0</top>
      <width>75</width>
      <height>1</height>
      <backgroundColor>C0C0C0</backgroundColor>
      <bgColorEnabled>true</bgColorEnabled>
    </control>
    <control type="Panel" pathname="/divRoot/tablebody4/temp55">
      <left>0</left>
      <top>27</top>
      <width>28</width>
      <height>26</height>
      <backgroundColor>f0f0f0</backgroundColor>
      <backgroundImgMode>center</backgroundImgMode>
    </control>
    <control type="Panel" pathname="/divRoot/tablebody4/temp55/panel13">
      <left>10</left>
      <top>5</top>
      <width>17</width>
      <height>16</height>
      <backgroundImg>dot.png</backgroundImg>
      <backgroundImgMode>center</backgroundImgMode>
    </control>
    <control type="Panel" pathname="/divRoot/tablebody4/temp55/panel14">
      <left>11</left>
      <top>0</top>
      <width>20</width>
      <height>1</height>
      <backgroundColor>C0C0C0</backgroundColor>
      <bgColorEnabled>true</bgColorEnabled>
    </control>
    <control type="Panel" pathname="/divRoot/tablebody4/temp56">
      <left>28</left>
      <top>27</top>
      <width>467</width>
      <height>26</height>
      <backgroundColor>d0d0d0</backgroundColor>
      <text>内容</text>
      <fontColor>404040</fontColor>
      <hAlign>left</hAlign>
    </control>
    <control type="Panel" pathname="/divRoot/tablebody4/temp56/panel15">
      <left>0</left>
      <top>0</top>
      <width>470</width>
      <height>1</height>
      <backgroundColor>C0C0C0</backgroundColor>
      <bgColorEnabled>true</bgColorEnabled>
    </control>
    <control type="Panel" pathname="/divRoot/tablebody4/temp57">
      <left>495</left>
      <top>27</top>
      <width>85</width>
      <height>26</height>
      <backgroundColor>f0f0f0</backgroundColor>
      <text>2014-11-17</text>
      <fontFamily>Arial</fontFamily>
      <fontColor>696969</fontColor>
    </control>
    <control type="Panel" pathname="/divRoot/tablebody4/temp57/panel16">
      <left>0</left>
      <top>0</top>
      <width>75</width>
      <height>1</height>
      <backgroundColor>C0C0C0</backgroundColor>
      <bgColorEnabled>true</bgColorEnabled>
    </control>
    <control type="Panel" pathname="/divRoot/tablebody4/temp58">
      <left>0</left>
      <top>53</top>
      <width>28</width>
      <height>27</height>
      <backgroundColor>f0f0f0</backgroundColor>
      <backgroundImgMode>center</backgroundImgMode>
    </control>
    <control type="Panel" pathname="/divRoot/tablebody4/temp58/panel13">
      <left>10</left>
      <top>5</top>
      <width>17</width>
      <height>16</height>
      <backgroundImg>dot.png</backgroundImg>
      <backgroundImgMode>center</backgroundImgMode>
    </control>
    <control type="Panel" pathname="/divRoot/tablebody4/temp58/panel14">
      <left>11</left>
      <top>0</top>
      <width>20</width>
      <height>1</height>
      <backgroundColor>C0C0C0</backgroundColor>
      <bgColorEnabled>true</bgColorEnabled>
    </control>
    <control type="Panel" pathname="/divRoot/tablebody4/temp59">
      <left>28</left>
      <top>53</top>
      <width>467</width>
      <height>27</height>
      <backgroundColor>d0d0d0</backgroundColor>
      <text>内容</text>
      <fontColor>404040</fontColor>
      <hAlign>left</hAlign>
    </control>
    <control type="Panel" pathname="/divRoot/tablebody4/temp59/panel15">
      <left>0</left>
      <top>0</top>
      <width>470</width>
      <height>1</height>
      <backgroundColor>C0C0C0</backgroundColor>
      <bgColorEnabled>true</bgColorEnabled>
    </control>
    <control type="Panel" pathname="/divRoot/tablebody4/temp60">
      <left>495</left>
      <top>53</top>
      <width>85</width>
      <height>27</height>
      <backgroundColor>f0f0f0</backgroundColor>
      <text>2014-11-17</text>
      <fontFamily>Arial</fontFamily>
      <fontColor>696969</fontColor>
    </control>
    <control type="Panel" pathname="/divRoot/tablebody4/temp60/panel16">
      <left>0</left>
      <top>0</top>
      <width>75</width>
      <height>1</height>
      <backgroundColor>C0C0C0</backgroundColor>
      <bgColorEnabled>true</bgColorEnabled>
    </control>
    <control type="Panel" pathname="/divRoot/tablebody4/temp61">
      <left>0</left>
      <top>80</top>
      <width>28</width>
      <height>26</height>
      <backgroundColor>f0f0f0</backgroundColor>
      <backgroundImgMode>center</backgroundImgMode>
    </control>
    <control type="Panel" pathname="/divRoot/tablebody4/temp61/panel13">
      <left>10</left>
      <top>5</top>
      <width>17</width>
      <height>16</height>
      <backgroundImg>dot.png</backgroundImg>
      <backgroundImgMode>center</backgroundImgMode>
    </control>
    <control type="Panel" pathname="/divRoot/tablebody4/temp61/panel14">
      <left>11</left>
      <top>0</top>
      <width>20</width>
      <height>1</height>
      <backgroundColor>C0C0C0</backgroundColor>
      <bgColorEnabled>true</bgColorEnabled>
    </control>
    <control type="Panel" pathname="/divRoot/tablebody4/temp62">
      <left>28</left>
      <top>80</top>
      <width>467</width>
      <height>26</height>
      <backgroundColor>d0d0d0</backgroundColor>
      <text>内容</text>
      <fontColor>404040</fontColor>
      <hAlign>left</hAlign>
    </control>
    <control type="Panel" pathname="/divRoot/tablebody4/temp62/panel15">
      <left>0</left>
      <top>0</top>
      <width>470</width>
      <height>1</height>
      <backgroundColor>C0C0C0</backgroundColor>
      <bgColorEnabled>true</bgColorEnabled>
    </control>
    <control type="Panel" pathname="/divRoot/tablebody4/temp63">
      <left>495</left>
      <top>80</top>
      <width>85</width>
      <height>26</height>
      <backgroundColor>f0f0f0</backgroundColor>
      <text>2014-11-17</text>
      <fontFamily>Arial</fontFamily>
      <fontColor>696969</fontColor>
    </control>
    <control type="Panel" pathname="/divRoot/tablebody4/temp63/panel16">
      <left>0</left>
      <top>0</top>
      <width>75</width>
      <height>1</height>
      <backgroundColor>C0C0C0</backgroundColor>
      <bgColorEnabled>true</bgColorEnabled>
    </control>
    <control type="Panel" pathname="/divRoot/tablebody4/temp64">
      <left>0</left>
      <top>106</top>
      <width>28</width>
      <height>27</height>
      <backgroundColor>f0f0f0</backgroundColor>
      <backgroundImgMode>center</backgroundImgMode>
    </control>
    <control type="Panel" pathname="/divRoot/tablebody4/temp64/panel13">
      <left>10</left>
      <top>5</top>
      <width>17</width>
      <height>16</height>
      <backgroundImg>dot.png</backgroundImg>
      <backgroundImgMode>center</backgroundImgMode>
    </control>
    <control type="Panel" pathname="/divRoot/tablebody4/temp64/panel14">
      <left>11</left>
      <top>0</top>
      <width>20</width>
      <height>1</height>
      <backgroundColor>C0C0C0</backgroundColor>
      <bgColorEnabled>true</bgColorEnabled>
    </control>
    <control type="Panel" pathname="/divRoot/tablebody4/temp65">
      <left>28</left>
      <top>106</top>
      <width>467</width>
      <height>27</height>
      <backgroundColor>d0d0d0</backgroundColor>
      <text>内容</text>
      <fontColor>404040</fontColor>
      <hAlign>left</hAlign>
    </control>
    <control type="Panel" pathname="/divRoot/tablebody4/temp65/panel15">
      <left>0</left>
      <top>0</top>
      <width>470</width>
      <height>1</height>
      <backgroundColor>C0C0C0</backgroundColor>
      <bgColorEnabled>true</bgColorEnabled>
    </control>
    <control type="Panel" pathname="/divRoot/tablebody4/temp66">
      <left>495</left>
      <top>106</top>
      <width>85</width>
      <height>27</height>
      <backgroundColor>f0f0f0</backgroundColor>
      <text>2014-11-17</text>
      <fontFamily>Arial</fontFamily>
      <fontColor>696969</fontColor>
    </control>
    <control type="Panel" pathname="/divRoot/tablebody4/temp66/panel16">
      <left>0</left>
      <top>0</top>
      <width>75</width>
      <height>1</height>
      <backgroundColor>C0C0C0</backgroundColor>
      <bgColorEnabled>true</bgColorEnabled>
    </control>
    <control type="Panel" pathname="/divRoot/tablebody4/temp67">
      <left>0</left>
      <top>133</top>
      <width>28</width>
      <height>26</height>
      <backgroundColor>f0f0f0</backgroundColor>
      <backgroundImgMode>center</backgroundImgMode>
    </control>
    <control type="Panel" pathname="/divRoot/tablebody4/temp67/panel13">
      <left>10</left>
      <top>5</top>
      <width>17</width>
      <height>16</height>
      <backgroundImg>dot.png</backgroundImg>
      <backgroundImgMode>center</backgroundImgMode>
    </control>
    <control type="Panel" pathname="/divRoot/tablebody4/temp67/panel14">
      <left>11</left>
      <top>0</top>
      <width>20</width>
      <height>1</height>
      <backgroundColor>C0C0C0</backgroundColor>
      <bgColorEnabled>true</bgColorEnabled>
    </control>
    <control type="Panel" pathname="/divRoot/tablebody4/temp68">
      <left>28</left>
      <top>133</top>
      <width>467</width>
      <height>26</height>
      <backgroundColor>d0d0d0</backgroundColor>
      <text>内容</text>
      <fontColor>404040</fontColor>
      <hAlign>left</hAlign>
    </control>
    <control type="Panel" pathname="/divRoot/tablebody4/temp68/panel15">
      <left>0</left>
      <top>0</top>
      <width>470</width>
      <height>1</height>
      <backgroundColor>C0C0C0</backgroundColor>
      <bgColorEnabled>true</bgColorEnabled>
    </control>
    <control type="Panel" pathname="/divRoot/tablebody4/temp69">
      <left>495</left>
      <top>133</top>
      <width>85</width>
      <height>26</height>
      <backgroundColor>f0f0f0</backgroundColor>
      <text>2014-11-17</text>
      <fontFamily>Arial</fontFamily>
      <fontColor>696969</fontColor>
    </control>
    <control type="Panel" pathname="/divRoot/tablebody4/temp69/panel16">
      <left>0</left>
      <top>0</top>
      <width>75</width>
      <height>1</height>
      <backgroundColor>C0C0C0</backgroundColor>
      <bgColorEnabled>true</bgColorEnabled>
    </control>
    <control type="Panel" pathname="/divRoot/tablebody4/temp70">
      <left>0</left>
      <top>159</top>
      <width>28</width>
      <height>27</height>
      <backgroundColor>f0f0f0</backgroundColor>
      <backgroundImgMode>center</backgroundImgMode>
    </control>
    <control type="Panel" pathname="/divRoot/tablebody4/temp70/panel13">
      <left>10</left>
      <top>5</top>
      <width>17</width>
      <height>16</height>
      <backgroundImg>dot.png</backgroundImg>
      <backgroundImgMode>center</backgroundImgMode>
    </control>
    <control type="Panel" pathname="/divRoot/tablebody4/temp70/panel14">
      <left>11</left>
      <top>0</top>
      <width>20</width>
      <height>1</height>
      <backgroundColor>C0C0C0</backgroundColor>
      <bgColorEnabled>true</bgColorEnabled>
    </control>
    <control type="Panel" pathname="/divRoot/tablebody4/temp71">
      <left>28</left>
      <top>159</top>
      <width>467</width>
      <height>27</height>
      <backgroundColor>d0d0d0</backgroundColor>
      <text>内容</text>
      <fontColor>404040</fontColor>
      <hAlign>left</hAlign>
    </control>
    <control type="Panel" pathname="/divRoot/tablebody4/temp71/panel15">
      <left>0</left>
      <top>0</top>
      <width>470</width>
      <height>1</height>
      <backgroundColor>C0C0C0</backgroundColor>
      <bgColorEnabled>true</bgColorEnabled>
    </control>
    <control type="Panel" pathname="/divRoot/tablebody4/temp72">
      <left>495</left>
      <top>159</top>
      <width>85</width>
      <height>27</height>
      <backgroundColor>f0f0f0</backgroundColor>
      <text>2014-11-17</text>
      <fontFamily>Arial</fontFamily>
      <fontColor>696969</fontColor>
    </control>
    <control type="Panel" pathname="/divRoot/tablebody4/temp72/panel16">
      <left>0</left>
      <top>0</top>
      <width>75</width>
      <height>1</height>
      <backgroundColor>C0C0C0</backgroundColor>
      <bgColorEnabled>true</bgColorEnabled>
    </control>
    <control type="TableTitle" pathname="/divRoot/tabletitle5">
      <left>9</left>
      <top>480</top>
      <width>580</width>
      <height>39</height>
      <backgroundSkin>title1</backgroundSkin>
      <columnCount>3</columnCount>
      <tableBody>tablebody5</tableBody>
    </control>
    <control type="TableTitleItem" pathname="/divRoot/tabletitle5/tabletitleitem13">
      <left>0</left>
      <top>0</top>
      <width>28</width>
      <height>39</height>
      <backgroundColor>f0f0f0</backgroundColor>
      <heavyEnabled>false</heavyEnabled>
    </control>
    <control type="TableTitleItem" pathname="/divRoot/tabletitle5/tabletitleitem14">
      <left>28</left>
      <top>0</top>
      <width>467</width>
      <height>39</height>
      <backgroundColor>d0d0d0</backgroundColor>
      <text>计划考核</text>
      <fontBold>true</fontBold>
      <hAlign>left</hAlign>
    </control>
    <control type="TableTitleItem" pathname="/divRoot/tabletitle5/tabletitleitem15">
      <left>495</left>
      <top>0</top>
      <width>85</width>
      <height>39</height>
      <backgroundColor>f0f0f0</backgroundColor>
      <heavyEnabled>false</heavyEnabled>
    </control>
    <control type="TableBody" pathname="/divRoot/tablebody5">
      <left>9</left>
      <top>519</top>
      <width>580</width>
      <height>186</height>
      <backgroundSkin>body1</backgroundSkin>
      <rowCount>7</rowCount>
      <tableTitle>tabletitle5</tableTitle>
    </control>
    <control type="TableBodyItem" pathname="/divRoot/tablebody5/tablebodyitem13">
      <left>0</left>
      <top>0</top>
      <width>28</width>
      <height>27</height>
      <backgroundColor>f0f0f0</backgroundColor>
      <backgroundImgMode>center</backgroundImgMode>
    </control>
    <control type="Panel" pathname="/divRoot/tablebody5/tablebodyitem13/panel17">
      <left>10</left>
      <top>5</top>
      <width>17</width>
      <height>16</height>
      <backgroundImg>dot.png</backgroundImg>
      <backgroundImgMode>center</backgroundImgMode>
    </control>
    <control type="Panel" pathname="/divRoot/tablebody5/tablebodyitem13/panel18">
      <left>11</left>
      <top>0</top>
      <width>20</width>
      <height>1</height>
      <backgroundColor>C0C0C0</backgroundColor>
      <bgColorEnabled>true</bgColorEnabled>
    </control>
    <control type="TableBodyItem" pathname="/divRoot/tablebody5/tablebodyitem14">
      <left>28</left>
      <top>0</top>
      <width>467</width>
      <height>27</height>
      <backgroundColor>d0d0d0</backgroundColor>
      <text>内容</text>
      <fontColor>404040</fontColor>
      <hAlign>left</hAlign>
    </control>
    <control type="Panel" pathname="/divRoot/tablebody5/tablebodyitem14/panel19">
      <left>0</left>
      <top>0</top>
      <width>470</width>
      <height>1</height>
      <backgroundColor>C0C0C0</backgroundColor>
      <bgColorEnabled>true</bgColorEnabled>
    </control>
    <control type="TableBodyItem" pathname="/divRoot/tablebody5/tablebodyitem15">
      <left>495</left>
      <top>0</top>
      <width>85</width>
      <height>27</height>
      <backgroundColor>f0f0f0</backgroundColor>
      <text>2014-11-17</text>
      <fontFamily>Arial</fontFamily>
      <fontColor>696969</fontColor>
    </control>
    <control type="Panel" pathname="/divRoot/tablebody5/tablebodyitem15/panel20">
      <left>0</left>
      <top>0</top>
      <width>75</width>
      <height>1</height>
      <backgroundColor>C0C0C0</backgroundColor>
      <bgColorEnabled>true</bgColorEnabled>
    </control>
    <control type="Panel" pathname="/divRoot/tablebody5/temp73">
      <left>0</left>
      <top>27</top>
      <width>28</width>
      <height>26</height>
      <backgroundColor>f0f0f0</backgroundColor>
      <backgroundImgMode>center</backgroundImgMode>
    </control>
    <control type="Panel" pathname="/divRoot/tablebody5/temp73/panel17">
      <left>10</left>
      <top>5</top>
      <width>17</width>
      <height>16</height>
      <backgroundImg>dot.png</backgroundImg>
      <backgroundImgMode>center</backgroundImgMode>
    </control>
    <control type="Panel" pathname="/divRoot/tablebody5/temp73/panel18">
      <left>11</left>
      <top>0</top>
      <width>20</width>
      <height>1</height>
      <backgroundColor>C0C0C0</backgroundColor>
      <bgColorEnabled>true</bgColorEnabled>
    </control>
    <control type="Panel" pathname="/divRoot/tablebody5/temp74">
      <left>28</left>
      <top>27</top>
      <width>467</width>
      <height>26</height>
      <backgroundColor>d0d0d0</backgroundColor>
      <text>内容</text>
      <fontColor>404040</fontColor>
      <hAlign>left</hAlign>
    </control>
    <control type="Panel" pathname="/divRoot/tablebody5/temp74/panel19">
      <left>0</left>
      <top>0</top>
      <width>470</width>
      <height>1</height>
      <backgroundColor>C0C0C0</backgroundColor>
      <bgColorEnabled>true</bgColorEnabled>
    </control>
    <control type="Panel" pathname="/divRoot/tablebody5/temp75">
      <left>495</left>
      <top>27</top>
      <width>85</width>
      <height>26</height>
      <backgroundColor>f0f0f0</backgroundColor>
      <text>2014-11-17</text>
      <fontFamily>Arial</fontFamily>
      <fontColor>696969</fontColor>
    </control>
    <control type="Panel" pathname="/divRoot/tablebody5/temp75/panel20">
      <left>0</left>
      <top>0</top>
      <width>75</width>
      <height>1</height>
      <backgroundColor>C0C0C0</backgroundColor>
      <bgColorEnabled>true</bgColorEnabled>
    </control>
    <control type="Panel" pathname="/divRoot/tablebody5/temp76">
      <left>0</left>
      <top>53</top>
      <width>28</width>
      <height>27</height>
      <backgroundColor>f0f0f0</backgroundColor>
      <backgroundImgMode>center</backgroundImgMode>
    </control>
    <control type="Panel" pathname="/divRoot/tablebody5/temp76/panel17">
      <left>10</left>
      <top>5</top>
      <width>17</width>
      <height>16</height>
      <backgroundImg>dot.png</backgroundImg>
      <backgroundImgMode>center</backgroundImgMode>
    </control>
    <control type="Panel" pathname="/divRoot/tablebody5/temp76/panel18">
      <left>11</left>
      <top>0</top>
      <width>20</width>
      <height>1</height>
      <backgroundColor>C0C0C0</backgroundColor>
      <bgColorEnabled>true</bgColorEnabled>
    </control>
    <control type="Panel" pathname="/divRoot/tablebody5/temp77">
      <left>28</left>
      <top>53</top>
      <width>467</width>
      <height>27</height>
      <backgroundColor>d0d0d0</backgroundColor>
      <text>内容</text>
      <fontColor>404040</fontColor>
      <hAlign>left</hAlign>
    </control>
    <control type="Panel" pathname="/divRoot/tablebody5/temp77/panel19">
      <left>0</left>
      <top>0</top>
      <width>470</width>
      <height>1</height>
      <backgroundColor>C0C0C0</backgroundColor>
      <bgColorEnabled>true</bgColorEnabled>
    </control>
    <control type="Panel" pathname="/divRoot/tablebody5/temp78">
      <left>495</left>
      <top>53</top>
      <width>85</width>
      <height>27</height>
      <backgroundColor>f0f0f0</backgroundColor>
      <text>2014-11-17</text>
      <fontFamily>Arial</fontFamily>
      <fontColor>696969</fontColor>
    </control>
    <control type="Panel" pathname="/divRoot/tablebody5/temp78/panel20">
      <left>0</left>
      <top>0</top>
      <width>75</width>
      <height>1</height>
      <backgroundColor>C0C0C0</backgroundColor>
      <bgColorEnabled>true</bgColorEnabled>
    </control>
    <control type="Panel" pathname="/divRoot/tablebody5/temp79">
      <left>0</left>
      <top>80</top>
      <width>28</width>
      <height>26</height>
      <backgroundColor>f0f0f0</backgroundColor>
      <backgroundImgMode>center</backgroundImgMode>
    </control>
    <control type="Panel" pathname="/divRoot/tablebody5/temp79/panel17">
      <left>10</left>
      <top>5</top>
      <width>17</width>
      <height>16</height>
      <backgroundImg>dot.png</backgroundImg>
      <backgroundImgMode>center</backgroundImgMode>
    </control>
    <control type="Panel" pathname="/divRoot/tablebody5/temp79/panel18">
      <left>11</left>
      <top>0</top>
      <width>20</width>
      <height>1</height>
      <backgroundColor>C0C0C0</backgroundColor>
      <bgColorEnabled>true</bgColorEnabled>
    </control>
    <control type="Panel" pathname="/divRoot/tablebody5/temp80">
      <left>28</left>
      <top>80</top>
      <width>467</width>
      <height>26</height>
      <backgroundColor>d0d0d0</backgroundColor>
      <text>内容</text>
      <fontColor>404040</fontColor>
      <hAlign>left</hAlign>
    </control>
    <control type="Panel" pathname="/divRoot/tablebody5/temp80/panel19">
      <left>0</left>
      <top>0</top>
      <width>470</width>
      <height>1</height>
      <backgroundColor>C0C0C0</backgroundColor>
      <bgColorEnabled>true</bgColorEnabled>
    </control>
    <control type="Panel" pathname="/divRoot/tablebody5/temp81">
      <left>495</left>
      <top>80</top>
      <width>85</width>
      <height>26</height>
      <backgroundColor>f0f0f0</backgroundColor>
      <text>2014-11-17</text>
      <fontFamily>Arial</fontFamily>
      <fontColor>696969</fontColor>
    </control>
    <control type="Panel" pathname="/divRoot/tablebody5/temp81/panel20">
      <left>0</left>
      <top>0</top>
      <width>75</width>
      <height>1</height>
      <backgroundColor>C0C0C0</backgroundColor>
      <bgColorEnabled>true</bgColorEnabled>
    </control>
    <control type="Panel" pathname="/divRoot/tablebody5/temp82">
      <left>0</left>
      <top>106</top>
      <width>28</width>
      <height>27</height>
      <backgroundColor>f0f0f0</backgroundColor>
      <backgroundImgMode>center</backgroundImgMode>
    </control>
    <control type="Panel" pathname="/divRoot/tablebody5/temp82/panel17">
      <left>10</left>
      <top>5</top>
      <width>17</width>
      <height>16</height>
      <backgroundImg>dot.png</backgroundImg>
      <backgroundImgMode>center</backgroundImgMode>
    </control>
    <control type="Panel" pathname="/divRoot/tablebody5/temp82/panel18">
      <left>11</left>
      <top>0</top>
      <width>20</width>
      <height>1</height>
      <backgroundColor>C0C0C0</backgroundColor>
      <bgColorEnabled>true</bgColorEnabled>
    </control>
    <control type="Panel" pathname="/divRoot/tablebody5/temp83">
      <left>28</left>
      <top>106</top>
      <width>467</width>
      <height>27</height>
      <backgroundColor>d0d0d0</backgroundColor>
      <text>内容</text>
      <fontColor>404040</fontColor>
      <hAlign>left</hAlign>
    </control>
    <control type="Panel" pathname="/divRoot/tablebody5/temp83/panel19">
      <left>0</left>
      <top>0</top>
      <width>470</width>
      <height>1</height>
      <backgroundColor>C0C0C0</backgroundColor>
      <bgColorEnabled>true</bgColorEnabled>
    </control>
    <control type="Panel" pathname="/divRoot/tablebody5/temp84">
      <left>495</left>
      <top>106</top>
      <width>85</width>
      <height>27</height>
      <backgroundColor>f0f0f0</backgroundColor>
      <text>2014-11-17</text>
      <fontFamily>Arial</fontFamily>
      <fontColor>696969</fontColor>
    </control>
    <control type="Panel" pathname="/divRoot/tablebody5/temp84/panel20">
      <left>0</left>
      <top>0</top>
      <width>75</width>
      <height>1</height>
      <backgroundColor>C0C0C0</backgroundColor>
      <bgColorEnabled>true</bgColorEnabled>
    </control>
    <control type="Panel" pathname="/divRoot/tablebody5/temp85">
      <left>0</left>
      <top>133</top>
      <width>28</width>
      <height>26</height>
      <backgroundColor>f0f0f0</backgroundColor>
      <backgroundImgMode>center</backgroundImgMode>
    </control>
    <control type="Panel" pathname="/divRoot/tablebody5/temp85/panel17">
      <left>10</left>
      <top>5</top>
      <width>17</width>
      <height>16</height>
      <backgroundImg>dot.png</backgroundImg>
      <backgroundImgMode>center</backgroundImgMode>
    </control>
    <control type="Panel" pathname="/divRoot/tablebody5/temp85/panel18">
      <left>11</left>
      <top>0</top>
      <width>20</width>
      <height>1</height>
      <backgroundColor>C0C0C0</backgroundColor>
      <bgColorEnabled>true</bgColorEnabled>
    </control>
    <control type="Panel" pathname="/divRoot/tablebody5/temp86">
      <left>28</left>
      <top>133</top>
      <width>467</width>
      <height>26</height>
      <backgroundColor>d0d0d0</backgroundColor>
      <text>内容</text>
      <fontColor>404040</fontColor>
      <hAlign>left</hAlign>
    </control>
    <control type="Panel" pathname="/divRoot/tablebody5/temp86/panel19">
      <left>0</left>
      <top>0</top>
      <width>470</width>
      <height>1</height>
      <backgroundColor>C0C0C0</backgroundColor>
      <bgColorEnabled>true</bgColorEnabled>
    </control>
    <control type="Panel" pathname="/divRoot/tablebody5/temp87">
      <left>495</left>
      <top>133</top>
      <width>85</width>
      <height>26</height>
      <backgroundColor>f0f0f0</backgroundColor>
      <text>2014-11-17</text>
      <fontFamily>Arial</fontFamily>
      <fontColor>696969</fontColor>
    </control>
    <control type="Panel" pathname="/divRoot/tablebody5/temp87/panel20">
      <left>0</left>
      <top>0</top>
      <width>75</width>
      <height>1</height>
      <backgroundColor>C0C0C0</backgroundColor>
      <bgColorEnabled>true</bgColorEnabled>
    </control>
    <control type="Panel" pathname="/divRoot/tablebody5/temp88">
      <left>0</left>
      <top>159</top>
      <width>28</width>
      <height>27</height>
      <backgroundColor>f0f0f0</backgroundColor>
      <backgroundImgMode>center</backgroundImgMode>
    </control>
    <control type="Panel" pathname="/divRoot/tablebody5/temp88/panel17">
      <left>10</left>
      <top>5</top>
      <width>17</width>
      <height>16</height>
      <backgroundImg>dot.png</backgroundImg>
      <backgroundImgMode>center</backgroundImgMode>
    </control>
    <control type="Panel" pathname="/divRoot/tablebody5/temp88/panel18">
      <left>11</left>
      <top>0</top>
      <width>20</width>
      <height>1</height>
      <backgroundColor>C0C0C0</backgroundColor>
      <bgColorEnabled>true</bgColorEnabled>
    </control>
    <control type="Panel" pathname="/divRoot/tablebody5/temp89">
      <left>28</left>
      <top>159</top>
      <width>467</width>
      <height>27</height>
      <backgroundColor>d0d0d0</backgroundColor>
      <text>内容</text>
      <fontColor>404040</fontColor>
      <hAlign>left</hAlign>
    </control>
    <control type="Panel" pathname="/divRoot/tablebody5/temp89/panel19">
      <left>0</left>
      <top>0</top>
      <width>470</width>
      <height>1</height>
      <backgroundColor>C0C0C0</backgroundColor>
      <bgColorEnabled>true</bgColorEnabled>
    </control>
    <control type="Panel" pathname="/divRoot/tablebody5/temp90">
      <left>495</left>
      <top>159</top>
      <width>85</width>
      <height>27</height>
      <backgroundColor>f0f0f0</backgroundColor>
      <text>2014-11-17</text>
      <fontFamily>Arial</fontFamily>
      <fontColor>696969</fontColor>
    </control>
    <control type="Panel" pathname="/divRoot/tablebody5/temp90/panel20">
      <left>0</left>
      <top>0</top>
      <width>75</width>
      <height>1</height>
      <backgroundColor>C0C0C0</backgroundColor>
      <bgColorEnabled>true</bgColorEnabled>
    </control>
    <control type="TableTitle" pathname="/divRoot/tabletitle6">
      <left>601</left>
      <top>480</top>
      <width>580</width>
      <height>39</height>
      <backgroundSkin>title1</backgroundSkin>
      <columnCount>3</columnCount>
      <tableBody>tablebody6</tableBody>
    </control>
    <control type="TableTitleItem" pathname="/divRoot/tabletitle6/tabletitleitem16">
      <left>0</left>
      <top>0</top>
      <width>28</width>
      <height>39</height>
      <backgroundColor>f0f0f0</backgroundColor>
      <heavyEnabled>false</heavyEnabled>
    </control>
    <control type="TableTitleItem" pathname="/divRoot/tabletitle6/tabletitleitem17">
      <left>28</left>
      <top>0</top>
      <width>467</width>
      <height>39</height>
      <backgroundColor>d0d0d0</backgroundColor>
      <text>文化乐园</text>
      <fontBold>true</fontBold>
      <hAlign>left</hAlign>
    </control>
    <control type="TableTitleItem" pathname="/divRoot/tabletitle6/tabletitleitem18">
      <left>495</left>
      <top>0</top>
      <width>85</width>
      <height>39</height>
      <backgroundColor>f0f0f0</backgroundColor>
      <heavyEnabled>false</heavyEnabled>
    </control>
    <control type="TableBody" pathname="/divRoot/tablebody6">
      <left>601</left>
      <top>519</top>
      <width>580</width>
      <height>186</height>
      <backgroundSkin>body1</backgroundSkin>
      <rowCount>7</rowCount>
      <tableTitle>tabletitle6</tableTitle>
    </control>
    <control type="TableBodyItem" pathname="/divRoot/tablebody6/tablebodyitem16">
      <left>0</left>
      <top>0</top>
      <width>28</width>
      <height>27</height>
      <backgroundColor>f0f0f0</backgroundColor>
      <backgroundImgMode>center</backgroundImgMode>
    </control>
    <control type="Panel" pathname="/divRoot/tablebody6/tablebodyitem16/panel45">
      <left>10</left>
      <top>5</top>
      <width>17</width>
      <height>16</height>
      <backgroundImg>dot.png</backgroundImg>
      <backgroundImgMode>center</backgroundImgMode>
    </control>
    <control type="Panel" pathname="/divRoot/tablebody6/tablebodyitem16/panel46">
      <left>11</left>
      <top>0</top>
      <width>20</width>
      <height>1</height>
      <backgroundColor>C0C0C0</backgroundColor>
      <bgColorEnabled>true</bgColorEnabled>
    </control>
    <control type="TableBodyItem" pathname="/divRoot/tablebody6/tablebodyitem17">
      <left>28</left>
      <top>0</top>
      <width>467</width>
      <height>27</height>
      <backgroundColor>d0d0d0</backgroundColor>
      <text>内容</text>
      <fontColor>404040</fontColor>
      <hAlign>left</hAlign>
    </control>
    <control type="Panel" pathname="/divRoot/tablebody6/tablebodyitem17/panel47">
      <left>0</left>
      <top>0</top>
      <width>470</width>
      <height>1</height>
      <backgroundColor>C0C0C0</backgroundColor>
      <bgColorEnabled>true</bgColorEnabled>
    </control>
    <control type="TableBodyItem" pathname="/divRoot/tablebody6/tablebodyitem18">
      <left>495</left>
      <top>0</top>
      <width>85</width>
      <height>27</height>
      <backgroundColor>f0f0f0</backgroundColor>
      <text>2014-11-17</text>
      <fontFamily>Arial</fontFamily>
      <fontColor>696969</fontColor>
    </control>
    <control type="Panel" pathname="/divRoot/tablebody6/tablebodyitem18/panel48">
      <left>0</left>
      <top>0</top>
      <width>75</width>
      <height>1</height>
      <backgroundColor>C0C0C0</backgroundColor>
      <bgColorEnabled>true</bgColorEnabled>
    </control>
    <control type="Panel" pathname="/divRoot/tablebody6/temp91">
      <left>0</left>
      <top>27</top>
      <width>28</width>
      <height>26</height>
      <backgroundColor>f0f0f0</backgroundColor>
      <backgroundImgMode>center</backgroundImgMode>
    </control>
    <control type="Panel" pathname="/divRoot/tablebody6/temp91/panel45">
      <left>10</left>
      <top>5</top>
      <width>17</width>
      <height>16</height>
      <backgroundImg>dot.png</backgroundImg>
      <backgroundImgMode>center</backgroundImgMode>
    </control>
    <control type="Panel" pathname="/divRoot/tablebody6/temp91/panel46">
      <left>11</left>
      <top>0</top>
      <width>20</width>
      <height>1</height>
      <backgroundColor>C0C0C0</backgroundColor>
      <bgColorEnabled>true</bgColorEnabled>
    </control>
    <control type="Panel" pathname="/divRoot/tablebody6/temp92">
      <left>28</left>
      <top>27</top>
      <width>467</width>
      <height>26</height>
      <backgroundColor>d0d0d0</backgroundColor>
      <text>内容</text>
      <fontColor>404040</fontColor>
      <hAlign>left</hAlign>
    </control>
    <control type="Panel" pathname="/divRoot/tablebody6/temp92/panel47">
      <left>0</left>
      <top>0</top>
      <width>470</width>
      <height>1</height>
      <backgroundColor>C0C0C0</backgroundColor>
      <bgColorEnabled>true</bgColorEnabled>
    </control>
    <control type="Panel" pathname="/divRoot/tablebody6/temp93">
      <left>495</left>
      <top>27</top>
      <width>85</width>
      <height>26</height>
      <backgroundColor>f0f0f0</backgroundColor>
      <text>2014-11-17</text>
      <fontFamily>Arial</fontFamily>
      <fontColor>696969</fontColor>
    </control>
    <control type="Panel" pathname="/divRoot/tablebody6/temp93/panel48">
      <left>0</left>
      <top>0</top>
      <width>75</width>
      <height>1</height>
      <backgroundColor>C0C0C0</backgroundColor>
      <bgColorEnabled>true</bgColorEnabled>
    </control>
    <control type="Panel" pathname="/divRoot/tablebody6/temp94">
      <left>0</left>
      <top>53</top>
      <width>28</width>
      <height>27</height>
      <backgroundColor>f0f0f0</backgroundColor>
      <backgroundImgMode>center</backgroundImgMode>
    </control>
    <control type="Panel" pathname="/divRoot/tablebody6/temp94/panel45">
      <left>10</left>
      <top>5</top>
      <width>17</width>
      <height>16</height>
      <backgroundImg>dot.png</backgroundImg>
      <backgroundImgMode>center</backgroundImgMode>
    </control>
    <control type="Panel" pathname="/divRoot/tablebody6/temp94/panel46">
      <left>11</left>
      <top>0</top>
      <width>20</width>
      <height>1</height>
      <backgroundColor>C0C0C0</backgroundColor>
      <bgColorEnabled>true</bgColorEnabled>
    </control>
    <control type="Panel" pathname="/divRoot/tablebody6/temp95">
      <left>28</left>
      <top>53</top>
      <width>467</width>
      <height>27</height>
      <backgroundColor>d0d0d0</backgroundColor>
      <text>内容</text>
      <fontColor>404040</fontColor>
      <hAlign>left</hAlign>
    </control>
    <control type="Panel" pathname="/divRoot/tablebody6/temp95/panel47">
      <left>0</left>
      <top>0</top>
      <width>470</width>
      <height>1</height>
      <backgroundColor>C0C0C0</backgroundColor>
      <bgColorEnabled>true</bgColorEnabled>
    </control>
    <control type="Panel" pathname="/divRoot/tablebody6/temp96">
      <left>495</left>
      <top>53</top>
      <width>85</width>
      <height>27</height>
      <backgroundColor>f0f0f0</backgroundColor>
      <text>2014-11-17</text>
      <fontFamily>Arial</fontFamily>
      <fontColor>696969</fontColor>
    </control>
    <control type="Panel" pathname="/divRoot/tablebody6/temp96/panel48">
      <left>0</left>
      <top>0</top>
      <width>75</width>
      <height>1</height>
      <backgroundColor>C0C0C0</backgroundColor>
      <bgColorEnabled>true</bgColorEnabled>
    </control>
    <control type="Panel" pathname="/divRoot/tablebody6/temp97">
      <left>0</left>
      <top>80</top>
      <width>28</width>
      <height>26</height>
      <backgroundColor>f0f0f0</backgroundColor>
      <backgroundImgMode>center</backgroundImgMode>
    </control>
    <control type="Panel" pathname="/divRoot/tablebody6/temp97/panel45">
      <left>10</left>
      <top>5</top>
      <width>17</width>
      <height>16</height>
      <backgroundImg>dot.png</backgroundImg>
      <backgroundImgMode>center</backgroundImgMode>
    </control>
    <control type="Panel" pathname="/divRoot/tablebody6/temp97/panel46">
      <left>11</left>
      <top>0</top>
      <width>20</width>
      <height>1</height>
      <backgroundColor>C0C0C0</backgroundColor>
      <bgColorEnabled>true</bgColorEnabled>
    </control>
    <control type="Panel" pathname="/divRoot/tablebody6/temp98">
      <left>28</left>
      <top>80</top>
      <width>467</width>
      <height>26</height>
      <backgroundColor>d0d0d0</backgroundColor>
      <text>内容</text>
      <fontColor>404040</fontColor>
      <hAlign>left</hAlign>
    </control>
    <control type="Panel" pathname="/divRoot/tablebody6/temp98/panel47">
      <left>0</left>
      <top>0</top>
      <width>470</width>
      <height>1</height>
      <backgroundColor>C0C0C0</backgroundColor>
      <bgColorEnabled>true</bgColorEnabled>
    </control>
    <control type="Panel" pathname="/divRoot/tablebody6/temp99">
      <left>495</left>
      <top>80</top>
      <width>85</width>
      <height>26</height>
      <backgroundColor>f0f0f0</backgroundColor>
      <text>2014-11-17</text>
      <fontFamily>Arial</fontFamily>
      <fontColor>696969</fontColor>
    </control>
    <control type="Panel" pathname="/divRoot/tablebody6/temp99/panel48">
      <left>0</left>
      <top>0</top>
      <width>75</width>
      <height>1</height>
      <backgroundColor>C0C0C0</backgroundColor>
      <bgColorEnabled>true</bgColorEnabled>
    </control>
    <control type="Panel" pathname="/divRoot/tablebody6/temp100">
      <left>0</left>
      <top>106</top>
      <width>28</width>
      <height>27</height>
      <backgroundColor>f0f0f0</backgroundColor>
      <backgroundImgMode>center</backgroundImgMode>
    </control>
    <control type="Panel" pathname="/divRoot/tablebody6/temp100/panel45">
      <left>10</left>
      <top>5</top>
      <width>17</width>
      <height>16</height>
      <backgroundImg>dot.png</backgroundImg>
      <backgroundImgMode>center</backgroundImgMode>
    </control>
    <control type="Panel" pathname="/divRoot/tablebody6/temp100/panel46">
      <left>11</left>
      <top>0</top>
      <width>20</width>
      <height>1</height>
      <backgroundColor>C0C0C0</backgroundColor>
      <bgColorEnabled>true</bgColorEnabled>
    </control>
    <control type="Panel" pathname="/divRoot/tablebody6/temp101">
      <left>28</left>
      <top>106</top>
      <width>467</width>
      <height>27</height>
      <backgroundColor>d0d0d0</backgroundColor>
      <text>内容</text>
      <fontColor>404040</fontColor>
      <hAlign>left</hAlign>
    </control>
    <control type="Panel" pathname="/divRoot/tablebody6/temp101/panel47">
      <left>0</left>
      <top>0</top>
      <width>470</width>
      <height>1</height>
      <backgroundColor>C0C0C0</backgroundColor>
      <bgColorEnabled>true</bgColorEnabled>
    </control>
    <control type="Panel" pathname="/divRoot/tablebody6/temp102">
      <left>495</left>
      <top>106</top>
      <width>85</width>
      <height>27</height>
      <backgroundColor>f0f0f0</backgroundColor>
      <text>2014-11-17</text>
      <fontFamily>Arial</fontFamily>
      <fontColor>696969</fontColor>
    </control>
    <control type="Panel" pathname="/divRoot/tablebody6/temp102/panel48">
      <left>0</left>
      <top>0</top>
      <width>75</width>
      <height>1</height>
      <backgroundColor>C0C0C0</backgroundColor>
      <bgColorEnabled>true</bgColorEnabled>
    </control>
    <control type="Panel" pathname="/divRoot/tablebody6/temp103">
      <left>0</left>
      <top>133</top>
      <width>28</width>
      <height>26</height>
      <backgroundColor>f0f0f0</backgroundColor>
      <backgroundImgMode>center</backgroundImgMode>
    </control>
    <control type="Panel" pathname="/divRoot/tablebody6/temp103/panel45">
      <left>10</left>
      <top>5</top>
      <width>17</width>
      <height>16</height>
      <backgroundImg>dot.png</backgroundImg>
      <backgroundImgMode>center</backgroundImgMode>
    </control>
    <control type="Panel" pathname="/divRoot/tablebody6/temp103/panel46">
      <left>11</left>
      <top>0</top>
      <width>20</width>
      <height>1</height>
      <backgroundColor>C0C0C0</backgroundColor>
      <bgColorEnabled>true</bgColorEnabled>
    </control>
    <control type="Panel" pathname="/divRoot/tablebody6/temp104">
      <left>28</left>
      <top>133</top>
      <width>467</width>
      <height>26</height>
      <backgroundColor>d0d0d0</backgroundColor>
      <text>内容</text>
      <fontColor>404040</fontColor>
      <hAlign>left</hAlign>
    </control>
    <control type="Panel" pathname="/divRoot/tablebody6/temp104/panel47">
      <left>0</left>
      <top>0</top>
      <width>470</width>
      <height>1</height>
      <backgroundColor>C0C0C0</backgroundColor>
      <bgColorEnabled>true</bgColorEnabled>
    </control>
    <control type="Panel" pathname="/divRoot/tablebody6/temp105">
      <left>495</left>
      <top>133</top>
      <width>85</width>
      <height>26</height>
      <backgroundColor>f0f0f0</backgroundColor>
      <text>2014-11-17</text>
      <fontFamily>Arial</fontFamily>
      <fontColor>696969</fontColor>
    </control>
    <control type="Panel" pathname="/divRoot/tablebody6/temp105/panel48">
      <left>0</left>
      <top>0</top>
      <width>75</width>
      <height>1</height>
      <backgroundColor>C0C0C0</backgroundColor>
      <bgColorEnabled>true</bgColorEnabled>
    </control>
    <control type="Panel" pathname="/divRoot/tablebody6/temp106">
      <left>0</left>
      <top>159</top>
      <width>28</width>
      <height>27</height>
      <backgroundColor>f0f0f0</backgroundColor>
      <backgroundImgMode>center</backgroundImgMode>
    </control>
    <control type="Panel" pathname="/divRoot/tablebody6/temp106/panel45">
      <left>10</left>
      <top>5</top>
      <width>17</width>
      <height>16</height>
      <backgroundImg>dot.png</backgroundImg>
      <backgroundImgMode>center</backgroundImgMode>
    </control>
    <control type="Panel" pathname="/divRoot/tablebody6/temp106/panel46">
      <left>11</left>
      <top>0</top>
      <width>20</width>
      <height>1</height>
      <backgroundColor>C0C0C0</backgroundColor>
      <bgColorEnabled>true</bgColorEnabled>
    </control>
    <control type="Panel" pathname="/divRoot/tablebody6/temp107">
      <left>28</left>
      <top>159</top>
      <width>467</width>
      <height>27</height>
      <backgroundColor>d0d0d0</backgroundColor>
      <text>内容</text>
      <fontColor>404040</fontColor>
      <hAlign>left</hAlign>
    </control>
    <control type="Panel" pathname="/divRoot/tablebody6/temp107/panel47">
      <left>0</left>
      <top>0</top>
      <width>470</width>
      <height>1</height>
      <backgroundColor>C0C0C0</backgroundColor>
      <bgColorEnabled>true</bgColorEnabled>
    </control>
    <control type="Panel" pathname="/divRoot/tablebody6/temp108">
      <left>495</left>
      <top>159</top>
      <width>85</width>
      <height>27</height>
      <backgroundColor>f0f0f0</backgroundColor>
      <text>2014-11-17</text>
      <fontFamily>Arial</fontFamily>
      <fontColor>696969</fontColor>
    </control>
    <control type="Panel" pathname="/divRoot/tablebody6/temp108/panel48">
      <left>0</left>
      <top>0</top>
      <width>75</width>
      <height>1</height>
      <backgroundColor>C0C0C0</backgroundColor>
      <bgColorEnabled>true</bgColorEnabled>
    </control>
  </controls>
  <sqlResultSet count="0" />
  <taskSet count="1">
    <taskSetItem name="getData3">
      <script1>eio.clear();
eio.appendString8(g5.username);
eio.appendString8(g5.mingyuanKey);
ee.postUrl("getData3","/msg.aspx?ee=true");
return;</script1>
      <script2>//session.set("username","700328");
session.set("username",request.get("username"));
var username = session.get("username");
var sql = "select '' as f1,INFO_NAME || '`' || INFO_URL || '`' || FROM_TYPE || '`' || info_emgdegree as f2,INFO_TIME as f3 " +
	"from oa_p6_nc_infoview where info_operator = '" + username + "' order by f3 desc";
var sqlResult = db.executeQuery("ZAOracle", sql);
eio.appendDataSet(sqlResult, "f1,f2,f3", 0, 10000);




</script2>
      <script3>//alert(eio.buffi);
g5.dataset3 = eio.readDataSet();
ee.setTableData(ee.getControl("tablebody3"), g5.dataset3, 0);
</script3>
    </taskSetItem>
  </taskSet>
  <gridLines count="0" />
</page>