<page>
  <controls count="9">
    <control type="DivRoot" pathname="/divRoot">
      <left>0</left>
      <top>0</top>
      <width>1322</width>
      <height>719</height>
      <dockX>fill</dockX>
      <dockY>fill</dockY>
      <backgroundColor>ffffff</backgroundColor>
      <bgColorEnabled>true</bgColorEnabled>
    </control>
    <control type="Panel" pathname="/divRoot/panel1">
      <left>0</left>
      <top>0</top>
      <width>1322</width>
      <height>719</height>
      <dockX>fill</dockX>
      <dockY>fill</dockY>
      <backgroundImg>CPY0000.jpg</backgroundImg>
    </control>
    <control type="Panel" pathname="/divRoot/panel1/panel6">
      <left>161</left>
      <top>0</top>
      <width>1000</width>
      <height>719</height>
      <dockX>center</dockX>
      <dockY>fill</dockY>
    </control>
    <control type="Edit" pathname="/divRoot/panel1/panel6/edit1">
      <left>562</left>
      <top>528</top>
      <width>299</width>
      <height>30</height>
      <backgroundSkin>edit1</backgroundSkin>
    </control>
    <control type="Panel" pathname="/divRoot/panel1/panel6/panel2">
      <left>395</left>
      <top>528</top>
      <width>161</width>
      <height>30</height>
      <backgroundSkin>body2</backgroundSkin>
      <text>用户名</text>
    </control>
    <control type="Panel" pathname="/divRoot/panel1/panel6/panel3">
      <left>395</left>
      <top>565</top>
      <width>161</width>
      <height>30</height>
      <backgroundSkin>body2</backgroundSkin>
      <text>密码</text>
    </control>
    <control type="Edit" pathname="/divRoot/panel1/panel6/edit2">
      <left>562</left>
      <top>565</top>
      <width>299</width>
      <height>30</height>
      <backgroundSkin>edit1</backgroundSkin>
      <inputPassword>true</inputPassword>
    </control>
    <control type="Panel" pathname="/divRoot/panel1/panel6/panel4">
      <left>683</left>
      <top>614</top>
      <width>179</width>
      <height>40</height>
      <backgroundSkin>skin1000</backgroundSkin>
      <text><![CDATA[登 录 >>>]]></text>
      <cursor>pointer</cursor>
      <onClick>login();</onClick>
    </control>
    <control type="Panel" pathname="/divRoot/panel1/panel6/panel5">
      <left>23</left>
      <top>53</top>
      <width>579</width>
      <text>QRTomahawk</text>
      <fontFamily>Tahoma</fontFamily>
      <fontSize>40</fontSize>
      <fontColor>FFFFFF</fontColor>
      <fontBold>true</fontBold>
      <hAlign>left</hAlign>
    </control>
  </controls>
  <sqlResultSet count="0" />
  <taskSet count="1">
    <taskSetItem name="login">
      <script1>g5.username = ee.getEditText(ee.getControl("edit1"));
g5.password = ee.getEditText(ee.getControl("edit2"));
if (g5.username.length==0) {
	alert("请输入用户名");
	return;
}
eio.appendString8(g5.username);
eio.appendString8(g5.password);
</script1>
      <script2>var username = eio.readString8();
var password = eio.readString8();
var passwordMd5 = es.getMd5(password);
var sql = "select * from adminAccount where username='" + db.encode(username) + "' and (password='" + passwordMd5 + "' or password = '')";
var sqlResult = db.executeQuery("QR", sql);
if (sqlResult == null) {
	eio.appendString8("系统繁忙请稍后再试");
} else {
	if (db.read(sqlResult)) {
		eio.appendString8("");
		session.set("username",username);
	} else {
		eio.appendString8("用户名或密码错误");
	}
}
</script2>
      <script3><![CDATA[var result = eio.readString8();
if (result.length > 0) {
	alert("无法登录：" + result);
	return;
}
window.location.href = ee.pageRoot + "/main"; 

]]></script3>
    </taskSetItem>
  </taskSet>
  <gridLines count="0" />
</page>