<page>
  <controls count="29">
    <control type="DivRoot" pathname="/divRoot">
      <left>0</left>
      <top>0</top>
      <width>1000</width>
      <height>800</height>
      <backgroundColor>ffffff</backgroundColor>
      <bgColorEnabled>true</bgColorEnabled>
    </control>
    <control type="Panel" pathname="/divRoot/panel1">
      <left>96</left>
      <top>50</top>
      <width>373</width>
      <height>36</height>
      <backgroundSkin>title1</backgroundSkin>
      <text>　主菜单1</text>
      <fontSize>12</fontSize>
      <fontBold>true</fontBold>
      <hAlign>left</hAlign>
    </control>
    <control type="Panel" pathname="/divRoot/panel2">
      <left>96</left>
      <top>85</top>
      <width>373</width>
      <height>130</height>
      <backgroundSkin>body1</backgroundSkin>
    </control>
    <control type="Panel" pathname="/divRoot/panel2/panel3">
      <left>40</left>
      <top>11</top>
      <width>87</width>
      <height>19</height>
      <text>子菜单1</text>
      <hAlign>left</hAlign>
    </control>
    <control type="Panel" pathname="/divRoot/panel2/panel4">
      <left>153</left>
      <top>11</top>
      <width>87</width>
      <height>19</height>
      <text>子菜单1</text>
      <hAlign>left</hAlign>
    </control>
    <control type="Panel" pathname="/divRoot/panel2/panel5">
      <left>271</left>
      <top>11</top>
      <width>87</width>
      <height>19</height>
      <text>子菜单1</text>
      <hAlign>left</hAlign>
    </control>
    <control type="Panel" pathname="/divRoot/panel2/panel6">
      <left>24</left>
      <top>11</top>
      <width>18</width>
      <height>19</height>
      <backgroundImg>dot.png</backgroundImg>
      <backgroundImgMode>center</backgroundImgMode>
    </control>
    <control type="Panel" pathname="/divRoot/panel2/panel7">
      <left>10</left>
      <top>30</top>
      <width>354</width>
      <height>2</height>
      <backgroundColor>E0E0E0</backgroundColor>
      <bgColorEnabled>true</bgColorEnabled>
    </control>
    <control type="Panel" pathname="/divRoot/panel2/panel8">
      <left>136</left>
      <top>11</top>
      <width>18</width>
      <height>19</height>
      <backgroundImg>dot.png</backgroundImg>
      <backgroundImgMode>center</backgroundImgMode>
    </control>
    <control type="Panel" pathname="/divRoot/panel2/panel9">
      <left>255</left>
      <top>11</top>
      <width>18</width>
      <height>19</height>
      <backgroundImg>dot.png</backgroundImg>
      <backgroundImgMode>center</backgroundImgMode>
    </control>
    <control type="Panel" pathname="/divRoot/panel2/panel10">
      <left>24</left>
      <top>41</top>
      <width>18</width>
      <height>19</height>
      <backgroundImg>dot.png</backgroundImg>
      <backgroundImgMode>center</backgroundImgMode>
    </control>
    <control type="Panel" pathname="/divRoot/panel2/panel11">
      <left>40</left>
      <top>41</top>
      <width>87</width>
      <height>19</height>
      <text>子菜单1</text>
      <hAlign>left</hAlign>
    </control>
    <control type="Panel" pathname="/divRoot/panel2/panel12">
      <left>153</left>
      <top>41</top>
      <width>87</width>
      <height>19</height>
      <text>子菜单1</text>
      <hAlign>left</hAlign>
    </control>
    <control type="Panel" pathname="/divRoot/panel2/panel13">
      <left>136</left>
      <top>41</top>
      <width>18</width>
      <height>19</height>
      <backgroundImg>dot.png</backgroundImg>
      <backgroundImgMode>center</backgroundImgMode>
    </control>
    <control type="Panel" pathname="/divRoot/panel2/panel14">
      <left>255</left>
      <top>41</top>
      <width>18</width>
      <height>19</height>
      <backgroundImg>dot.png</backgroundImg>
      <backgroundImgMode>center</backgroundImgMode>
    </control>
    <control type="Panel" pathname="/divRoot/panel2/panel15">
      <left>271</left>
      <top>41</top>
      <width>87</width>
      <height>19</height>
      <text>子菜单1</text>
      <hAlign>left</hAlign>
    </control>
    <control type="Panel" pathname="/divRoot/panel2/panel16">
      <left>10</left>
      <top>60</top>
      <width>354</width>
      <height>2</height>
      <backgroundColor>E0E0E0</backgroundColor>
      <bgColorEnabled>true</bgColorEnabled>
    </control>
    <control type="Panel" pathname="/divRoot/panel17">
      <left>81</left>
      <top>263</top>
      <width>609</width>
      <height>345</height>
      <backgroundColor>FFE0C0</backgroundColor>
      <bgColorEnabled>true</bgColorEnabled>
      <backgroundSkin>body1</backgroundSkin>
    </control>
    <control type="Panel" pathname="/divRoot/panel17/panel18">
      <left>25</left>
      <top>24</top>
      <width>257</width>
      <height>30</height>
      <backgroundSkin>skin1</backgroundSkin>
      <text>hjklerhftwer</text>
      <fontColor>FFFFFF</fontColor>
      <layerVisible>false</layerVisible>
      <onClick>ee.hideAllLayer($("ee_panel17"));
ee.showPanel($("ee_panel20"), eeShowStyle.whiteAlpha);</onClick>
    </control>
    <control type="Panel" pathname="/divRoot/panel17/panel19">
      <left>323</left>
      <top>24</top>
      <width>257</width>
      <height>58</height>
      <backgroundSkin>skin1</backgroundSkin>
      <layerVisible>false</layerVisible>
      <onClick>ee.hideAllLayer($("ee_panel17"));
ee.showPanel($("ee_panel21"), eeShowStyle.whiteAlpha);</onClick>
    </control>
    <control type="Panel" pathname="/divRoot/panel17/panel20">
      <left>30</left>
      <top>103</top>
      <width>360</width>
      <height>225</height>
      <backgroundSkin>r005</backgroundSkin>
      <layerName>a1</layerName>
    </control>
    <control type="Panel" pathname="/divRoot/panel17/panel20/panel22">
      <left>31</left>
      <top>34</top>
      <width>248</width>
      <height>65</height>
      <backgroundSkin>skin1</backgroundSkin>
    </control>
    <control type="Panel" pathname="/divRoot/panel17/panel20/panel23">
      <left>31</left>
      <top>118</top>
      <width>248</width>
      <height>65</height>
      <backgroundSkin>skin1</backgroundSkin>
    </control>
    <control type="Panel" pathname="/divRoot/panel17/panel21">
      <left>232</left>
      <top>150</top>
      <width>360</width>
      <height>179</height>
      <backgroundSkin>r005</backgroundSkin>
      <layerName>a2</layerName>
      <layerVisible>false</layerVisible>
    </control>
    <control type="Panel" pathname="/divRoot/panel17/panel21/panel24">
      <left>52</left>
      <top>25</top>
      <width>248</width>
      <height>65</height>
      <backgroundSkin>skin1</backgroundSkin>
    </control>
    <control type="Panel" pathname="/divRoot/panel25">
      <left>81</left>
      <top>224</top>
      <width>609</width>
      <height>39</height>
      <backgroundSkin>title1</backgroundSkin>
      <text>edfisfjasfa</text>
    </control>
    <control type="ListViewIcon" pathname="/divRoot/listviewicon1">
      <left>502</left>
      <top>44</top>
      <width>283</width>
      <height>204</height>
      <bgColorEnabled>true</bgColorEnabled>
    </control>
    <control type="Panel" pathname="/divRoot/listviewicon1/panel30">
      <left>70</left>
      <top>74</top>
      <width>143</width>
      <height>55</height>
      <dockX>center</dockX>
      <dockY>center</dockY>
      <backgroundSkin>r005</backgroundSkin>
    </control>
    <control type="Panel" pathname="/divRoot/listviewicon1/panel30/panel31">
      <left>45</left>
      <top>14</top>
      <width>54</width>
      <height>25</height>
      <backgroundSkin>skin1</backgroundSkin>
    </control>
  </controls>
  <sqlResultSet count="0" />
  <taskSet count="0" />
  <gridLines count="0" />
</page>