<page>
  <controls count="124">
    <control type="DivRoot" pathname="/divRoot">
      <left>0</left>
      <top>0</top>
      <width>1012</width>
      <height>622</height>
      <dockX>fill</dockX>
      <dockY>fill</dockY>
      <backgroundColor>ffffff</backgroundColor>
      <bgColorEnabled>true</bgColorEnabled>
      <backgroundImg>xz_bn.png</backgroundImg>
      <onControlLoad>g5.pageSize = 15;
search();</onControlLoad>
    </control>
    <control type="LayoutX" pathname="/divRoot/layoutx1">
      <left>0</left>
      <top>0</top>
      <width>1012</width>
      <height>622</height>
      <dockX>fill</dockX>
      <dockY>fill</dockY>
      <fieldCount>4</fieldCount>
    </control>
    <control type="LayoutXItem" pathname="/divRoot/layoutx1/layoutxitem1">
      <left>0</left>
      <top>0</top>
      <width>596</width>
      <height>622</height>
      <backgroundColor>f0f0f0</backgroundColor>
    </control>
    <control type="LayoutY" pathname="/divRoot/layoutx1/layoutxitem1/layouty1">
      <left>0</left>
      <top>0</top>
      <width>596</width>
      <height>622</height>
      <dockX>fill</dockX>
      <dockY>fill</dockY>
      <fieldCount>2</fieldCount>
    </control>
    <control type="LayoutYItem" pathname="/divRoot/layoutx1/layoutxitem1/layouty1/layoutyitem1">
      <left>0</left>
      <top>0</top>
      <width>596</width>
      <height>57</height>
      <backgroundColor>f0f0f0</backgroundColor>
      <backgroundSkin>line1000</backgroundSkin>
      <heavyEnabled>false</heavyEnabled>
    </control>
    <control type="LayoutX" pathname="/divRoot/layoutx1/layoutxitem1/layouty1/layoutyitem1/layoutx2">
      <left>0</left>
      <top>13</top>
      <width>596</width>
      <height>30</height>
      <dockX>fill</dockX>
      <dockY>center</dockY>
    </control>
    <control type="LayoutXItem" pathname="/divRoot/layoutx1/layoutxitem1/layouty1/layoutyitem1/layoutx2/layoutxitem4">
      <left>0</left>
      <top>0</top>
      <width>13</width>
      <height>30</height>
      <backgroundColor>f0f0f0</backgroundColor>
      <heavyEnabled>false</heavyEnabled>
    </control>
    <control type="LayoutXItem" pathname="/divRoot/layoutx1/layoutxitem1/layouty1/layoutyitem1/layoutx2/layoutxitem5">
      <left>13</left>
      <top>0</top>
      <width>293</width>
      <height>30</height>
      <backgroundColor>d0d0d0</backgroundColor>
    </control>
    <control type="Edit" pathname="/divRoot/layoutx1/layoutxitem1/layouty1/layoutyitem1/layoutx2/layoutxitem5/edit1">
      <left>0</left>
      <top>0</top>
      <width>293</width>
      <height>30</height>
      <dockX>fill</dockX>
      <dockY>fill</dockY>
      <backgroundSkin>edit1</backgroundSkin>
    </control>
    <control type="LayoutXItem" pathname="/divRoot/layoutx1/layoutxitem1/layouty1/layoutyitem1/layoutx2/layoutxitem6">
      <left>306</left>
      <top>0</top>
      <width>290</width>
      <height>30</height>
      <backgroundColor>f0f0f0</backgroundColor>
      <heavyEnabled>false</heavyEnabled>
    </control>
    <control type="Panel" pathname="/divRoot/layoutx1/layoutxitem1/layouty1/layoutyitem1/layoutx2/layoutxitem6/panel1">
      <left>0</left>
      <top>0</top>
      <width>74</width>
      <height>30</height>
      <dockX>left</dockX>
      <dockY>fill</dockY>
      <backgroundColor>008080</backgroundColor>
      <bgColorEnabled>true</bgColorEnabled>
      <text>搜索</text>
      <fontColor>FFFFFF</fontColor>
      <fontBold>true</fontBold>
      <cursor>pointer</cursor>
      <onClick>search();</onClick>
    </control>
    <control type="Panel" pathname="/divRoot/layoutx1/layoutxitem1/layouty1/layoutyitem1/layoutx2/layoutxitem6/panel2">
      <left>87</left>
      <top>0</top>
      <width>68</width>
      <height>30</height>
      <dockY>fill</dockY>
      <backgroundColor>008080</backgroundColor>
      <bgColorEnabled>true</bgColorEnabled>
      <text>上一页</text>
      <fontColor>FFFFFF</fontColor>
      <fontBold>true</fontBold>
      <cursor>pointer</cursor>
    </control>
    <control type="Panel" pathname="/divRoot/layoutx1/layoutxitem1/layouty1/layoutyitem1/layoutx2/layoutxitem6/panel3">
      <left>211</left>
      <top>0</top>
      <width>68</width>
      <height>30</height>
      <dockY>fill</dockY>
      <backgroundColor>008080</backgroundColor>
      <bgColorEnabled>true</bgColorEnabled>
      <text>下一页</text>
      <fontColor>FFFFFF</fontColor>
      <fontBold>true</fontBold>
      <cursor>pointer</cursor>
    </control>
    <control type="Panel" pathname="/divRoot/layoutx1/layoutxitem1/layouty1/layoutyitem1/layoutx2/layoutxitem6/panel4">
      <left>153</left>
      <top>0</top>
      <width>59</width>
      <height>30</height>
      <dockY>fill</dockY>
      <text>1/1</text>
      <fontColor>008080</fontColor>
      <fontBold>true</fontBold>
      <fontItalic>true</fontItalic>
    </control>
    <control type="Panel" pathname="/divRoot/layoutx1/layoutxitem1/layouty1/layoutyitem1/layoutx2/layoutxitem6/panel4/panel5">
      <left>0</left>
      <top>0</top>
      <width>59</width>
      <height>2</height>
      <dockX>fill</dockX>
      <dockY>top</dockY>
      <backgroundColor>008080</backgroundColor>
      <bgColorEnabled>true</bgColorEnabled>
    </control>
    <control type="Panel" pathname="/divRoot/layoutx1/layoutxitem1/layouty1/layoutyitem1/layoutx2/layoutxitem6/panel4/panel6">
      <left>0</left>
      <top>28</top>
      <width>59</width>
      <height>2</height>
      <dockX>fill</dockX>
      <dockY>bottom</dockY>
      <backgroundColor>008080</backgroundColor>
      <bgColorEnabled>true</bgColorEnabled>
    </control>
    <control type="LayoutYItem" pathname="/divRoot/layoutx1/layoutxitem1/layouty1/layoutyitem2">
      <left>0</left>
      <top>57</top>
      <width>596</width>
      <height>565</height>
      <backgroundColor>d0d0d0</backgroundColor>
    </control>
    <control type="TableTitle" pathname="/divRoot/layoutx1/layoutxitem1/layouty1/layoutyitem2/tabletitle1">
      <left>0</left>
      <top>0</top>
      <width>596</width>
      <height>36</height>
      <dockX>fill</dockX>
      <dockY>fill</dockY>
      <tableBody>tablebody1</tableBody>
    </control>
    <control type="TableTitleItem" pathname="/divRoot/layoutx1/layoutxitem1/layouty1/layoutyitem2/tabletitle1/tabletitleitem1">
      <left>0</left>
      <top>0</top>
      <width>108</width>
      <height>36</height>
      <backgroundColor>f0f0f0</backgroundColor>
      <backgroundSkin>title1</backgroundSkin>
      <text>用户名</text>
      <fontSize>12</fontSize>
      <fontBold>true</fontBold>
      <heavyEnabled>false</heavyEnabled>
    </control>
    <control type="TableTitleItem" pathname="/divRoot/layoutx1/layoutxitem1/layouty1/layoutyitem2/tabletitle1/tabletitleitem2">
      <left>108</left>
      <top>0</top>
      <width>154</width>
      <height>36</height>
      <backgroundColor>d0d0d0</backgroundColor>
      <backgroundSkin>title1</backgroundSkin>
      <text>用户中文名</text>
      <fontSize>12</fontSize>
      <fontBold>true</fontBold>
      <heavyEnabled>false</heavyEnabled>
    </control>
    <control type="TableTitleItem" pathname="/divRoot/layoutx1/layoutxitem1/layouty1/layoutyitem2/tabletitle1/tabletitleitem3">
      <left>262</left>
      <top>0</top>
      <width>93</width>
      <height>36</height>
      <backgroundColor>f0f0f0</backgroundColor>
      <backgroundSkin>title1</backgroundSkin>
      <text>账户余额</text>
      <fontSize>12</fontSize>
      <fontBold>true</fontBold>
      <heavyEnabled>false</heavyEnabled>
    </control>
    <control type="TableTitleItem" pathname="/divRoot/layoutx1/layoutxitem1/layouty1/layoutyitem2/tabletitle1/tabletitleitem4">
      <left>355</left>
      <top>0</top>
      <width>241</width>
      <height>36</height>
      <backgroundColor>d0d0d0</backgroundColor>
      <backgroundSkin>title1</backgroundSkin>
      <text>详细资料</text>
      <fontSize>12</fontSize>
      <fontBold>true</fontBold>
    </control>
    <control type="TableBody" pathname="/divRoot/layoutx1/layoutxitem1/layouty1/layoutyitem2/tablebody1">
      <left>0</left>
      <top>36</top>
      <width>596</width>
      <height>529</height>
      <rowCount>15</rowCount>
      <tableTitle>tabletitle1</tableTitle>
    </control>
    <control type="TableBodyItem" pathname="/divRoot/layoutx1/layoutxitem1/layouty1/layoutyitem2/tablebody1/tablebodyitem1">
      <left>0</left>
      <top>0</top>
      <width>108</width>
      <height>35</height>
      <backgroundColor>f0f0f0</backgroundColor>
      <backgroundSkin>line1000</backgroundSkin>
      <text>.</text>
      <onClick>g5.accountName = ee.getText(this);
if (g5.accountName.length == 0) return;
getRecord();
</onClick>
      <onUpdate>if (text.length == 0) {
    sender.style.cursor = "auto";
} else {
    sender.style.cursor = "hand";
}
ee.setText(sender, text);</onUpdate>
    </control>
    <control type="TableBodyItem" pathname="/divRoot/layoutx1/layoutxitem1/layouty1/layoutyitem2/tablebody1/tablebodyitem2">
      <left>108</left>
      <top>0</top>
      <width>154</width>
      <height>35</height>
      <backgroundColor>d0d0d0</backgroundColor>
      <backgroundSkin>line1000</backgroundSkin>
      <text>.</text>
    </control>
    <control type="TableBodyItem" pathname="/divRoot/layoutx1/layoutxitem1/layouty1/layoutyitem2/tablebody1/tablebodyitem3">
      <left>262</left>
      <top>0</top>
      <width>93</width>
      <height>35</height>
      <backgroundColor>f0f0f0</backgroundColor>
      <backgroundSkin>line1000</backgroundSkin>
      <text>.</text>
    </control>
    <control type="TableBodyItem" pathname="/divRoot/layoutx1/layoutxitem1/layouty1/layoutyitem2/tablebody1/tablebodyitem4">
      <left>355</left>
      <top>0</top>
      <width>241</width>
      <height>35</height>
      <backgroundColor>d0d0d0</backgroundColor>
      <backgroundSkin>line1000</backgroundSkin>
      <text>.</text>
      <hAlign>left</hAlign>
    </control>
    <control type="Panel" pathname="/divRoot/layoutx1/layoutxitem1/layouty1/layoutyitem2/tablebody1/temp1">
      <left>0</left>
      <top>35</top>
      <width>108</width>
      <height>36</height>
      <backgroundColor>f0f0f0</backgroundColor>
      <backgroundSkin>line1000</backgroundSkin>
      <text>.</text>
      <onClick>g5.accountName = ee.getText(this);
if (g5.accountName.length == 0) return;
getRecord();
</onClick>
    </control>
    <control type="Panel" pathname="/divRoot/layoutx1/layoutxitem1/layouty1/layoutyitem2/tablebody1/temp2">
      <left>108</left>
      <top>35</top>
      <width>154</width>
      <height>36</height>
      <backgroundColor>d0d0d0</backgroundColor>
      <backgroundSkin>line1000</backgroundSkin>
      <text>.</text>
    </control>
    <control type="Panel" pathname="/divRoot/layoutx1/layoutxitem1/layouty1/layoutyitem2/tablebody1/temp3">
      <left>262</left>
      <top>35</top>
      <width>93</width>
      <height>36</height>
      <backgroundColor>f0f0f0</backgroundColor>
      <backgroundSkin>line1000</backgroundSkin>
      <text>.</text>
    </control>
    <control type="Panel" pathname="/divRoot/layoutx1/layoutxitem1/layouty1/layoutyitem2/tablebody1/temp4">
      <left>355</left>
      <top>35</top>
      <width>241</width>
      <height>36</height>
      <backgroundColor>d0d0d0</backgroundColor>
      <backgroundSkin>line1000</backgroundSkin>
      <text>.</text>
      <hAlign>left</hAlign>
    </control>
    <control type="Panel" pathname="/divRoot/layoutx1/layoutxitem1/layouty1/layoutyitem2/tablebody1/temp5">
      <left>0</left>
      <top>71</top>
      <width>108</width>
      <height>35</height>
      <backgroundColor>f0f0f0</backgroundColor>
      <backgroundSkin>line1000</backgroundSkin>
      <text>.</text>
      <onClick>g5.accountName = ee.getText(this);
if (g5.accountName.length == 0) return;
getRecord();
</onClick>
    </control>
    <control type="Panel" pathname="/divRoot/layoutx1/layoutxitem1/layouty1/layoutyitem2/tablebody1/temp6">
      <left>108</left>
      <top>71</top>
      <width>154</width>
      <height>35</height>
      <backgroundColor>d0d0d0</backgroundColor>
      <backgroundSkin>line1000</backgroundSkin>
      <text>.</text>
    </control>
    <control type="Panel" pathname="/divRoot/layoutx1/layoutxitem1/layouty1/layoutyitem2/tablebody1/temp7">
      <left>262</left>
      <top>71</top>
      <width>93</width>
      <height>35</height>
      <backgroundColor>f0f0f0</backgroundColor>
      <backgroundSkin>line1000</backgroundSkin>
      <text>.</text>
    </control>
    <control type="Panel" pathname="/divRoot/layoutx1/layoutxitem1/layouty1/layoutyitem2/tablebody1/temp8">
      <left>355</left>
      <top>71</top>
      <width>241</width>
      <height>35</height>
      <backgroundColor>d0d0d0</backgroundColor>
      <backgroundSkin>line1000</backgroundSkin>
      <text>.</text>
      <hAlign>left</hAlign>
    </control>
    <control type="Panel" pathname="/divRoot/layoutx1/layoutxitem1/layouty1/layoutyitem2/tablebody1/temp9">
      <left>0</left>
      <top>106</top>
      <width>108</width>
      <height>35</height>
      <backgroundColor>f0f0f0</backgroundColor>
      <backgroundSkin>line1000</backgroundSkin>
      <text>.</text>
      <onClick>g5.accountName = ee.getText(this);
if (g5.accountName.length == 0) return;
getRecord();
</onClick>
    </control>
    <control type="Panel" pathname="/divRoot/layoutx1/layoutxitem1/layouty1/layoutyitem2/tablebody1/temp10">
      <left>108</left>
      <top>106</top>
      <width>154</width>
      <height>35</height>
      <backgroundColor>d0d0d0</backgroundColor>
      <backgroundSkin>line1000</backgroundSkin>
      <text>.</text>
    </control>
    <control type="Panel" pathname="/divRoot/layoutx1/layoutxitem1/layouty1/layoutyitem2/tablebody1/temp11">
      <left>262</left>
      <top>106</top>
      <width>93</width>
      <height>35</height>
      <backgroundColor>f0f0f0</backgroundColor>
      <backgroundSkin>line1000</backgroundSkin>
      <text>.</text>
    </control>
    <control type="Panel" pathname="/divRoot/layoutx1/layoutxitem1/layouty1/layoutyitem2/tablebody1/temp12">
      <left>355</left>
      <top>106</top>
      <width>241</width>
      <height>35</height>
      <backgroundColor>d0d0d0</backgroundColor>
      <backgroundSkin>line1000</backgroundSkin>
      <text>.</text>
      <hAlign>left</hAlign>
    </control>
    <control type="Panel" pathname="/divRoot/layoutx1/layoutxitem1/layouty1/layoutyitem2/tablebody1/temp13">
      <left>0</left>
      <top>141</top>
      <width>108</width>
      <height>35</height>
      <backgroundColor>f0f0f0</backgroundColor>
      <backgroundSkin>line1000</backgroundSkin>
      <text>.</text>
      <onClick>g5.accountName = ee.getText(this);
if (g5.accountName.length == 0) return;
getRecord();
</onClick>
    </control>
    <control type="Panel" pathname="/divRoot/layoutx1/layoutxitem1/layouty1/layoutyitem2/tablebody1/temp14">
      <left>108</left>
      <top>141</top>
      <width>154</width>
      <height>35</height>
      <backgroundColor>d0d0d0</backgroundColor>
      <backgroundSkin>line1000</backgroundSkin>
      <text>.</text>
    </control>
    <control type="Panel" pathname="/divRoot/layoutx1/layoutxitem1/layouty1/layoutyitem2/tablebody1/temp15">
      <left>262</left>
      <top>141</top>
      <width>93</width>
      <height>35</height>
      <backgroundColor>f0f0f0</backgroundColor>
      <backgroundSkin>line1000</backgroundSkin>
      <text>.</text>
    </control>
    <control type="Panel" pathname="/divRoot/layoutx1/layoutxitem1/layouty1/layoutyitem2/tablebody1/temp16">
      <left>355</left>
      <top>141</top>
      <width>241</width>
      <height>35</height>
      <backgroundColor>d0d0d0</backgroundColor>
      <backgroundSkin>line1000</backgroundSkin>
      <text>.</text>
      <hAlign>left</hAlign>
    </control>
    <control type="Panel" pathname="/divRoot/layoutx1/layoutxitem1/layouty1/layoutyitem2/tablebody1/temp17">
      <left>0</left>
      <top>176</top>
      <width>108</width>
      <height>36</height>
      <backgroundColor>f0f0f0</backgroundColor>
      <backgroundSkin>line1000</backgroundSkin>
      <text>.</text>
      <onClick>g5.accountName = ee.getText(this);
if (g5.accountName.length == 0) return;
getRecord();
</onClick>
    </control>
    <control type="Panel" pathname="/divRoot/layoutx1/layoutxitem1/layouty1/layoutyitem2/tablebody1/temp18">
      <left>108</left>
      <top>176</top>
      <width>154</width>
      <height>36</height>
      <backgroundColor>d0d0d0</backgroundColor>
      <backgroundSkin>line1000</backgroundSkin>
      <text>.</text>
    </control>
    <control type="Panel" pathname="/divRoot/layoutx1/layoutxitem1/layouty1/layoutyitem2/tablebody1/temp19">
      <left>262</left>
      <top>176</top>
      <width>93</width>
      <height>36</height>
      <backgroundColor>f0f0f0</backgroundColor>
      <backgroundSkin>line1000</backgroundSkin>
      <text>.</text>
    </control>
    <control type="Panel" pathname="/divRoot/layoutx1/layoutxitem1/layouty1/layoutyitem2/tablebody1/temp20">
      <left>355</left>
      <top>176</top>
      <width>241</width>
      <height>36</height>
      <backgroundColor>d0d0d0</backgroundColor>
      <backgroundSkin>line1000</backgroundSkin>
      <text>.</text>
      <hAlign>left</hAlign>
    </control>
    <control type="Panel" pathname="/divRoot/layoutx1/layoutxitem1/layouty1/layoutyitem2/tablebody1/temp21">
      <left>0</left>
      <top>212</top>
      <width>108</width>
      <height>35</height>
      <backgroundColor>f0f0f0</backgroundColor>
      <backgroundSkin>line1000</backgroundSkin>
      <text>.</text>
      <onClick>g5.accountName = ee.getText(this);
if (g5.accountName.length == 0) return;
getRecord();
</onClick>
    </control>
    <control type="Panel" pathname="/divRoot/layoutx1/layoutxitem1/layouty1/layoutyitem2/tablebody1/temp22">
      <left>108</left>
      <top>212</top>
      <width>154</width>
      <height>35</height>
      <backgroundColor>d0d0d0</backgroundColor>
      <backgroundSkin>line1000</backgroundSkin>
      <text>.</text>
    </control>
    <control type="Panel" pathname="/divRoot/layoutx1/layoutxitem1/layouty1/layoutyitem2/tablebody1/temp23">
      <left>262</left>
      <top>212</top>
      <width>93</width>
      <height>35</height>
      <backgroundColor>f0f0f0</backgroundColor>
      <backgroundSkin>line1000</backgroundSkin>
      <text>.</text>
    </control>
    <control type="Panel" pathname="/divRoot/layoutx1/layoutxitem1/layouty1/layoutyitem2/tablebody1/temp24">
      <left>355</left>
      <top>212</top>
      <width>241</width>
      <height>35</height>
      <backgroundColor>d0d0d0</backgroundColor>
      <backgroundSkin>line1000</backgroundSkin>
      <text>.</text>
      <hAlign>left</hAlign>
    </control>
    <control type="Panel" pathname="/divRoot/layoutx1/layoutxitem1/layouty1/layoutyitem2/tablebody1/temp25">
      <left>0</left>
      <top>247</top>
      <width>108</width>
      <height>35</height>
      <backgroundColor>f0f0f0</backgroundColor>
      <backgroundSkin>line1000</backgroundSkin>
      <text>.</text>
      <onClick>g5.accountName = ee.getText(this);
if (g5.accountName.length == 0) return;
getRecord();
</onClick>
    </control>
    <control type="Panel" pathname="/divRoot/layoutx1/layoutxitem1/layouty1/layoutyitem2/tablebody1/temp26">
      <left>108</left>
      <top>247</top>
      <width>154</width>
      <height>35</height>
      <backgroundColor>d0d0d0</backgroundColor>
      <backgroundSkin>line1000</backgroundSkin>
      <text>.</text>
    </control>
    <control type="Panel" pathname="/divRoot/layoutx1/layoutxitem1/layouty1/layoutyitem2/tablebody1/temp27">
      <left>262</left>
      <top>247</top>
      <width>93</width>
      <height>35</height>
      <backgroundColor>f0f0f0</backgroundColor>
      <backgroundSkin>line1000</backgroundSkin>
      <text>.</text>
    </control>
    <control type="Panel" pathname="/divRoot/layoutx1/layoutxitem1/layouty1/layoutyitem2/tablebody1/temp28">
      <left>355</left>
      <top>247</top>
      <width>241</width>
      <height>35</height>
      <backgroundColor>d0d0d0</backgroundColor>
      <backgroundSkin>line1000</backgroundSkin>
      <text>.</text>
      <hAlign>left</hAlign>
    </control>
    <control type="Panel" pathname="/divRoot/layoutx1/layoutxitem1/layouty1/layoutyitem2/tablebody1/temp29">
      <left>0</left>
      <top>282</top>
      <width>108</width>
      <height>35</height>
      <backgroundColor>f0f0f0</backgroundColor>
      <backgroundSkin>line1000</backgroundSkin>
      <text>.</text>
      <onClick>g5.accountName = ee.getText(this);
if (g5.accountName.length == 0) return;
getRecord();
</onClick>
    </control>
    <control type="Panel" pathname="/divRoot/layoutx1/layoutxitem1/layouty1/layoutyitem2/tablebody1/temp30">
      <left>108</left>
      <top>282</top>
      <width>154</width>
      <height>35</height>
      <backgroundColor>d0d0d0</backgroundColor>
      <backgroundSkin>line1000</backgroundSkin>
      <text>.</text>
    </control>
    <control type="Panel" pathname="/divRoot/layoutx1/layoutxitem1/layouty1/layoutyitem2/tablebody1/temp31">
      <left>262</left>
      <top>282</top>
      <width>93</width>
      <height>35</height>
      <backgroundColor>f0f0f0</backgroundColor>
      <backgroundSkin>line1000</backgroundSkin>
      <text>.</text>
    </control>
    <control type="Panel" pathname="/divRoot/layoutx1/layoutxitem1/layouty1/layoutyitem2/tablebody1/temp32">
      <left>355</left>
      <top>282</top>
      <width>241</width>
      <height>35</height>
      <backgroundColor>d0d0d0</backgroundColor>
      <backgroundSkin>line1000</backgroundSkin>
      <text>.</text>
      <hAlign>left</hAlign>
    </control>
    <control type="Panel" pathname="/divRoot/layoutx1/layoutxitem1/layouty1/layoutyitem2/tablebody1/temp33">
      <left>0</left>
      <top>317</top>
      <width>108</width>
      <height>36</height>
      <backgroundColor>f0f0f0</backgroundColor>
      <backgroundSkin>line1000</backgroundSkin>
      <text>.</text>
      <onClick>g5.accountName = ee.getText(this);
if (g5.accountName.length == 0) return;
getRecord();
</onClick>
    </control>
    <control type="Panel" pathname="/divRoot/layoutx1/layoutxitem1/layouty1/layoutyitem2/tablebody1/temp34">
      <left>108</left>
      <top>317</top>
      <width>154</width>
      <height>36</height>
      <backgroundColor>d0d0d0</backgroundColor>
      <backgroundSkin>line1000</backgroundSkin>
      <text>.</text>
    </control>
    <control type="Panel" pathname="/divRoot/layoutx1/layoutxitem1/layouty1/layoutyitem2/tablebody1/temp35">
      <left>262</left>
      <top>317</top>
      <width>93</width>
      <height>36</height>
      <backgroundColor>f0f0f0</backgroundColor>
      <backgroundSkin>line1000</backgroundSkin>
      <text>.</text>
    </control>
    <control type="Panel" pathname="/divRoot/layoutx1/layoutxitem1/layouty1/layoutyitem2/tablebody1/temp36">
      <left>355</left>
      <top>317</top>
      <width>241</width>
      <height>36</height>
      <backgroundColor>d0d0d0</backgroundColor>
      <backgroundSkin>line1000</backgroundSkin>
      <text>.</text>
      <hAlign>left</hAlign>
    </control>
    <control type="Panel" pathname="/divRoot/layoutx1/layoutxitem1/layouty1/layoutyitem2/tablebody1/temp37">
      <left>0</left>
      <top>353</top>
      <width>108</width>
      <height>35</height>
      <backgroundColor>f0f0f0</backgroundColor>
      <backgroundSkin>line1000</backgroundSkin>
      <text>.</text>
      <onClick>g5.accountName = ee.getText(this);
if (g5.accountName.length == 0) return;
getRecord();
</onClick>
    </control>
    <control type="Panel" pathname="/divRoot/layoutx1/layoutxitem1/layouty1/layoutyitem2/tablebody1/temp38">
      <left>108</left>
      <top>353</top>
      <width>154</width>
      <height>35</height>
      <backgroundColor>d0d0d0</backgroundColor>
      <backgroundSkin>line1000</backgroundSkin>
      <text>.</text>
    </control>
    <control type="Panel" pathname="/divRoot/layoutx1/layoutxitem1/layouty1/layoutyitem2/tablebody1/temp39">
      <left>262</left>
      <top>353</top>
      <width>93</width>
      <height>35</height>
      <backgroundColor>f0f0f0</backgroundColor>
      <backgroundSkin>line1000</backgroundSkin>
      <text>.</text>
    </control>
    <control type="Panel" pathname="/divRoot/layoutx1/layoutxitem1/layouty1/layoutyitem2/tablebody1/temp40">
      <left>355</left>
      <top>353</top>
      <width>241</width>
      <height>35</height>
      <backgroundColor>d0d0d0</backgroundColor>
      <backgroundSkin>line1000</backgroundSkin>
      <text>.</text>
      <hAlign>left</hAlign>
    </control>
    <control type="Panel" pathname="/divRoot/layoutx1/layoutxitem1/layouty1/layoutyitem2/tablebody1/temp41">
      <left>0</left>
      <top>388</top>
      <width>108</width>
      <height>35</height>
      <backgroundColor>f0f0f0</backgroundColor>
      <backgroundSkin>line1000</backgroundSkin>
      <text>.</text>
      <onClick>g5.accountName = ee.getText(this);
if (g5.accountName.length == 0) return;
getRecord();
</onClick>
    </control>
    <control type="Panel" pathname="/divRoot/layoutx1/layoutxitem1/layouty1/layoutyitem2/tablebody1/temp42">
      <left>108</left>
      <top>388</top>
      <width>154</width>
      <height>35</height>
      <backgroundColor>d0d0d0</backgroundColor>
      <backgroundSkin>line1000</backgroundSkin>
      <text>.</text>
    </control>
    <control type="Panel" pathname="/divRoot/layoutx1/layoutxitem1/layouty1/layoutyitem2/tablebody1/temp43">
      <left>262</left>
      <top>388</top>
      <width>93</width>
      <height>35</height>
      <backgroundColor>f0f0f0</backgroundColor>
      <backgroundSkin>line1000</backgroundSkin>
      <text>.</text>
    </control>
    <control type="Panel" pathname="/divRoot/layoutx1/layoutxitem1/layouty1/layoutyitem2/tablebody1/temp44">
      <left>355</left>
      <top>388</top>
      <width>241</width>
      <height>35</height>
      <backgroundColor>d0d0d0</backgroundColor>
      <backgroundSkin>line1000</backgroundSkin>
      <text>.</text>
      <hAlign>left</hAlign>
    </control>
    <control type="Panel" pathname="/divRoot/layoutx1/layoutxitem1/layouty1/layoutyitem2/tablebody1/temp45">
      <left>0</left>
      <top>423</top>
      <width>108</width>
      <height>35</height>
      <backgroundColor>f0f0f0</backgroundColor>
      <backgroundSkin>line1000</backgroundSkin>
      <text>.</text>
      <onClick>g5.accountName = ee.getText(this);
if (g5.accountName.length == 0) return;
getRecord();
</onClick>
    </control>
    <control type="Panel" pathname="/divRoot/layoutx1/layoutxitem1/layouty1/layoutyitem2/tablebody1/temp46">
      <left>108</left>
      <top>423</top>
      <width>154</width>
      <height>35</height>
      <backgroundColor>d0d0d0</backgroundColor>
      <backgroundSkin>line1000</backgroundSkin>
      <text>.</text>
    </control>
    <control type="Panel" pathname="/divRoot/layoutx1/layoutxitem1/layouty1/layoutyitem2/tablebody1/temp47">
      <left>262</left>
      <top>423</top>
      <width>93</width>
      <height>35</height>
      <backgroundColor>f0f0f0</backgroundColor>
      <backgroundSkin>line1000</backgroundSkin>
      <text>.</text>
    </control>
    <control type="Panel" pathname="/divRoot/layoutx1/layoutxitem1/layouty1/layoutyitem2/tablebody1/temp48">
      <left>355</left>
      <top>423</top>
      <width>241</width>
      <height>35</height>
      <backgroundColor>d0d0d0</backgroundColor>
      <backgroundSkin>line1000</backgroundSkin>
      <text>.</text>
      <hAlign>left</hAlign>
    </control>
    <control type="Panel" pathname="/divRoot/layoutx1/layoutxitem1/layouty1/layoutyitem2/tablebody1/temp49">
      <left>0</left>
      <top>458</top>
      <width>108</width>
      <height>36</height>
      <backgroundColor>f0f0f0</backgroundColor>
      <backgroundSkin>line1000</backgroundSkin>
      <text>.</text>
      <onClick>g5.accountName = ee.getText(this);
if (g5.accountName.length == 0) return;
getRecord();
</onClick>
    </control>
    <control type="Panel" pathname="/divRoot/layoutx1/layoutxitem1/layouty1/layoutyitem2/tablebody1/temp50">
      <left>108</left>
      <top>458</top>
      <width>154</width>
      <height>36</height>
      <backgroundColor>d0d0d0</backgroundColor>
      <backgroundSkin>line1000</backgroundSkin>
      <text>.</text>
    </control>
    <control type="Panel" pathname="/divRoot/layoutx1/layoutxitem1/layouty1/layoutyitem2/tablebody1/temp51">
      <left>262</left>
      <top>458</top>
      <width>93</width>
      <height>36</height>
      <backgroundColor>f0f0f0</backgroundColor>
      <backgroundSkin>line1000</backgroundSkin>
      <text>.</text>
    </control>
    <control type="Panel" pathname="/divRoot/layoutx1/layoutxitem1/layouty1/layoutyitem2/tablebody1/temp52">
      <left>355</left>
      <top>458</top>
      <width>241</width>
      <height>36</height>
      <backgroundColor>d0d0d0</backgroundColor>
      <backgroundSkin>line1000</backgroundSkin>
      <text>.</text>
      <hAlign>left</hAlign>
    </control>
    <control type="Panel" pathname="/divRoot/layoutx1/layoutxitem1/layouty1/layoutyitem2/tablebody1/temp53">
      <left>0</left>
      <top>494</top>
      <width>108</width>
      <height>35</height>
      <backgroundColor>f0f0f0</backgroundColor>
      <backgroundSkin>line1000</backgroundSkin>
      <text>.</text>
      <onClick>g5.accountName = ee.getText(this);
if (g5.accountName.length == 0) return;
getRecord();
</onClick>
    </control>
    <control type="Panel" pathname="/divRoot/layoutx1/layoutxitem1/layouty1/layoutyitem2/tablebody1/temp54">
      <left>108</left>
      <top>494</top>
      <width>154</width>
      <height>35</height>
      <backgroundColor>d0d0d0</backgroundColor>
      <backgroundSkin>line1000</backgroundSkin>
      <text>.</text>
    </control>
    <control type="Panel" pathname="/divRoot/layoutx1/layoutxitem1/layouty1/layoutyitem2/tablebody1/temp55">
      <left>262</left>
      <top>494</top>
      <width>93</width>
      <height>35</height>
      <backgroundColor>f0f0f0</backgroundColor>
      <backgroundSkin>line1000</backgroundSkin>
      <text>.</text>
    </control>
    <control type="Panel" pathname="/divRoot/layoutx1/layoutxitem1/layouty1/layoutyitem2/tablebody1/temp56">
      <left>355</left>
      <top>494</top>
      <width>241</width>
      <height>35</height>
      <backgroundColor>d0d0d0</backgroundColor>
      <backgroundSkin>line1000</backgroundSkin>
      <text>.</text>
      <hAlign>left</hAlign>
    </control>
    <control type="LayoutXItem" pathname="/divRoot/layoutx1/layoutxitem2">
      <left>596</left>
      <top>0</top>
      <width>6</width>
      <height>622</height>
      <backgroundColor>d0d0d0</backgroundColor>
      <heavyEnabled>false</heavyEnabled>
    </control>
    <control type="LayoutXItem" pathname="/divRoot/layoutx1/layoutxitem3">
      <left>602</left>
      <top>0</top>
      <width>405</width>
      <height>622</height>
      <backgroundColor>f0f0f0</backgroundColor>
      <backgroundSkin>line1000</backgroundSkin>
      <heavyEnabled>false</heavyEnabled>
    </control>
    <control type="LayoutY" pathname="/divRoot/layoutx1/layoutxitem3/layouty2">
      <left>0</left>
      <top>0</top>
      <width>405</width>
      <height>622</height>
      <dockX>fill</dockX>
      <dockY>fill</dockY>
      <fieldCount>4</fieldCount>
    </control>
    <control type="LayoutYItem" pathname="/divRoot/layoutx1/layoutxitem3/layouty2/layoutyitem3">
      <left>0</left>
      <top>0</top>
      <width>405</width>
      <height>57</height>
      <backgroundColor>f0f0f0</backgroundColor>
      <backgroundSkin>line1000</backgroundSkin>
      <heavyEnabled>false</heavyEnabled>
    </control>
    <control type="Panel" pathname="/divRoot/layoutx1/layoutxitem3/layouty2/layoutyitem3/panel7">
      <left>15</left>
      <top>13</top>
      <width>74</width>
      <height>30</height>
      <dockY>center</dockY>
      <backgroundColor>008080</backgroundColor>
      <bgColorEnabled>true</bgColorEnabled>
      <text>修改</text>
      <fontColor>FFFFFF</fontColor>
      <fontBold>true</fontBold>
      <cursor>pointer</cursor>
      <onClick>modify();</onClick>
    </control>
    <control type="Panel" pathname="/divRoot/layoutx1/layoutxitem3/layouty2/layoutyitem3/panel8">
      <left>99</left>
      <top>13</top>
      <width>74</width>
      <height>30</height>
      <dockY>center</dockY>
      <backgroundColor>008080</backgroundColor>
      <bgColorEnabled>true</bgColorEnabled>
      <text>删除</text>
      <fontColor>FFFFFF</fontColor>
      <fontBold>true</fontBold>
      <cursor>pointer</cursor>
      <onClick>search();</onClick>
    </control>
    <control type="LayoutYItem" pathname="/divRoot/layoutx1/layoutxitem3/layouty2/layoutyitem4">
      <left>0</left>
      <top>57</top>
      <width>405</width>
      <height>27</height>
      <backgroundColor>d0d0d0</backgroundColor>
      <heavyEnabled>false</heavyEnabled>
    </control>
    <control type="LayoutYItem" pathname="/divRoot/layoutx1/layoutxitem3/layouty2/layoutyitem16">
      <left>0</left>
      <top>84</top>
      <width>405</width>
      <height>515</height>
      <backgroundColor>f0f0f0</backgroundColor>
    </control>
    <control type="LayoutY" pathname="/divRoot/layoutx1/layoutxitem3/layouty2/layoutyitem16/layouty3">
      <left>9</left>
      <top>0</top>
      <width>60</width>
      <height>515</height>
      <dockY>fill</dockY>
      <fieldCount>11</fieldCount>
    </control>
    <control type="LayoutYItem" pathname="/divRoot/layoutx1/layoutxitem3/layouty2/layoutyitem16/layouty3/layoutyitem5">
      <left>0</left>
      <top>0</top>
      <width>60</width>
      <height>47</height>
      <backgroundColor>f0f0f0</backgroundColor>
      <text>ID</text>
    </control>
    <control type="LayoutYItem" pathname="/divRoot/layoutx1/layoutxitem3/layouty2/layoutyitem16/layouty3/layoutyitem6">
      <left>0</left>
      <top>47</top>
      <width>60</width>
      <height>47</height>
      <backgroundColor>d0d0d0</backgroundColor>
      <text>用户名</text>
    </control>
    <control type="LayoutYItem" pathname="/divRoot/layoutx1/layoutxitem3/layouty2/layoutyitem16/layouty3/layoutyitem7">
      <left>0</left>
      <top>94</top>
      <width>60</width>
      <height>46</height>
      <backgroundColor>f0f0f0</backgroundColor>
      <text>中文名</text>
    </control>
    <control type="LayoutYItem" pathname="/divRoot/layoutx1/layoutxitem3/layouty2/layoutyitem16/layouty3/layoutyitem8">
      <left>0</left>
      <top>140</top>
      <width>60</width>
      <height>47</height>
      <backgroundColor>d0d0d0</backgroundColor>
      <text>电子邮件</text>
    </control>
    <control type="LayoutYItem" pathname="/divRoot/layoutx1/layoutxitem3/layouty2/layoutyitem16/layouty3/layoutyitem9">
      <left>0</left>
      <top>187</top>
      <width>60</width>
      <height>47</height>
      <backgroundColor>f0f0f0</backgroundColor>
      <text>网址</text>
    </control>
    <control type="LayoutYItem" pathname="/divRoot/layoutx1/layoutxitem3/layouty2/layoutyitem16/layouty3/layoutyitem10">
      <left>0</left>
      <top>234</top>
      <width>60</width>
      <height>47</height>
      <backgroundColor>d0d0d0</backgroundColor>
      <text>地址</text>
    </control>
    <control type="LayoutYItem" pathname="/divRoot/layoutx1/layoutxitem3/layouty2/layoutyitem16/layouty3/layoutyitem11">
      <left>0</left>
      <top>281</top>
      <width>60</width>
      <height>47</height>
      <backgroundColor>f0f0f0</backgroundColor>
      <text>联系人</text>
    </control>
    <control type="LayoutYItem" pathname="/divRoot/layoutx1/layoutxitem3/layouty2/layoutyitem16/layouty3/layoutyitem12">
      <left>0</left>
      <top>328</top>
      <width>60</width>
      <height>47</height>
      <backgroundColor>d0d0d0</backgroundColor>
      <text>联系电话</text>
    </control>
    <control type="LayoutYItem" pathname="/divRoot/layoutx1/layoutxitem3/layouty2/layoutyitem16/layouty3/layoutyitem13">
      <left>0</left>
      <top>375</top>
      <width>60</width>
      <height>46</height>
      <backgroundColor>f0f0f0</backgroundColor>
      <text>备注</text>
    </control>
    <control type="LayoutYItem" pathname="/divRoot/layoutx1/layoutxitem3/layouty2/layoutyitem16/layouty3/layoutyitem14">
      <left>0</left>
      <top>421</top>
      <width>60</width>
      <height>47</height>
      <backgroundColor>d0d0d0</backgroundColor>
      <text>余额</text>
    </control>
    <control type="LayoutYItem" pathname="/divRoot/layoutx1/layoutxitem3/layouty2/layoutyitem16/layouty3/layoutyitem15">
      <left>0</left>
      <top>468</top>
      <width>60</width>
      <height>47</height>
      <backgroundColor>f0f0f0</backgroundColor>
      <text>登记时间</text>
    </control>
    <control type="LayoutY" pathname="/divRoot/layoutx1/layoutxitem3/layouty2/layoutyitem16/layouty4">
      <left>68</left>
      <top>0</top>
      <width>328</width>
      <height>515</height>
      <dockY>fill</dockY>
      <fieldCount>11</fieldCount>
    </control>
    <control type="LayoutYItem" pathname="/divRoot/layoutx1/layoutxitem3/layouty2/layoutyitem16/layouty4/layoutyitem18">
      <left>0</left>
      <top>0</top>
      <width>328</width>
      <height>47</height>
      <backgroundColor>f0f0f0</backgroundColor>
      <text>　</text>
      <hAlign>left</hAlign>
    </control>
    <control type="LayoutYItem" pathname="/divRoot/layoutx1/layoutxitem3/layouty2/layoutyitem16/layouty4/layoutyitem19">
      <left>0</left>
      <top>47</top>
      <width>328</width>
      <height>47</height>
      <backgroundColor>d0d0d0</backgroundColor>
      <text>　</text>
      <hAlign>left</hAlign>
    </control>
    <control type="LayoutYItem" pathname="/divRoot/layoutx1/layoutxitem3/layouty2/layoutyitem16/layouty4/layoutyitem20">
      <left>0</left>
      <top>94</top>
      <width>328</width>
      <height>46</height>
      <backgroundColor>f0f0f0</backgroundColor>
    </control>
    <control type="Edit" pathname="/divRoot/layoutx1/layoutxitem3/layouty2/layoutyitem16/layouty4/layoutyitem20/edit2">
      <left>0</left>
      <top>9</top>
      <width>328</width>
      <height>28</height>
      <dockX>fill</dockX>
      <dockY>center</dockY>
      <backgroundSkin>edit1</backgroundSkin>
    </control>
    <control type="LayoutYItem" pathname="/divRoot/layoutx1/layoutxitem3/layouty2/layoutyitem16/layouty4/layoutyitem21">
      <left>0</left>
      <top>140</top>
      <width>328</width>
      <height>47</height>
      <backgroundColor>d0d0d0</backgroundColor>
    </control>
    <control type="Edit" pathname="/divRoot/layoutx1/layoutxitem3/layouty2/layoutyitem16/layouty4/layoutyitem21/edit3">
      <left>0</left>
      <top>9</top>
      <width>328</width>
      <height>28</height>
      <dockX>fill</dockX>
      <dockY>center</dockY>
      <backgroundSkin>edit1</backgroundSkin>
    </control>
    <control type="LayoutYItem" pathname="/divRoot/layoutx1/layoutxitem3/layouty2/layoutyitem16/layouty4/layoutyitem22">
      <left>0</left>
      <top>187</top>
      <width>328</width>
      <height>47</height>
      <backgroundColor>f0f0f0</backgroundColor>
    </control>
    <control type="Edit" pathname="/divRoot/layoutx1/layoutxitem3/layouty2/layoutyitem16/layouty4/layoutyitem22/edit4">
      <left>0</left>
      <top>9</top>
      <width>328</width>
      <height>28</height>
      <dockX>fill</dockX>
      <dockY>center</dockY>
      <backgroundSkin>edit1</backgroundSkin>
    </control>
    <control type="LayoutYItem" pathname="/divRoot/layoutx1/layoutxitem3/layouty2/layoutyitem16/layouty4/layoutyitem23">
      <left>0</left>
      <top>234</top>
      <width>328</width>
      <height>47</height>
      <backgroundColor>d0d0d0</backgroundColor>
    </control>
    <control type="Edit" pathname="/divRoot/layoutx1/layoutxitem3/layouty2/layoutyitem16/layouty4/layoutyitem23/edit5">
      <left>0</left>
      <top>9</top>
      <width>328</width>
      <height>28</height>
      <dockX>fill</dockX>
      <dockY>center</dockY>
      <backgroundSkin>edit1</backgroundSkin>
    </control>
    <control type="LayoutYItem" pathname="/divRoot/layoutx1/layoutxitem3/layouty2/layoutyitem16/layouty4/layoutyitem24">
      <left>0</left>
      <top>281</top>
      <width>328</width>
      <height>47</height>
      <backgroundColor>f0f0f0</backgroundColor>
    </control>
    <control type="Edit" pathname="/divRoot/layoutx1/layoutxitem3/layouty2/layoutyitem16/layouty4/layoutyitem24/edit6">
      <left>0</left>
      <top>9</top>
      <width>328</width>
      <height>28</height>
      <dockX>fill</dockX>
      <dockY>center</dockY>
      <backgroundSkin>edit1</backgroundSkin>
    </control>
    <control type="LayoutYItem" pathname="/divRoot/layoutx1/layoutxitem3/layouty2/layoutyitem16/layouty4/layoutyitem25">
      <left>0</left>
      <top>328</top>
      <width>328</width>
      <height>47</height>
      <backgroundColor>d0d0d0</backgroundColor>
    </control>
    <control type="Edit" pathname="/divRoot/layoutx1/layoutxitem3/layouty2/layoutyitem16/layouty4/layoutyitem25/edit7">
      <left>0</left>
      <top>9</top>
      <width>328</width>
      <height>28</height>
      <dockX>fill</dockX>
      <dockY>center</dockY>
      <backgroundSkin>edit1</backgroundSkin>
    </control>
    <control type="LayoutYItem" pathname="/divRoot/layoutx1/layoutxitem3/layouty2/layoutyitem16/layouty4/layoutyitem26">
      <left>0</left>
      <top>375</top>
      <width>328</width>
      <height>46</height>
      <backgroundColor>f0f0f0</backgroundColor>
    </control>
    <control type="Edit" pathname="/divRoot/layoutx1/layoutxitem3/layouty2/layoutyitem16/layouty4/layoutyitem26/edit8">
      <left>0</left>
      <top>9</top>
      <width>328</width>
      <height>28</height>
      <dockX>fill</dockX>
      <dockY>center</dockY>
      <backgroundSkin>edit1</backgroundSkin>
    </control>
    <control type="LayoutYItem" pathname="/divRoot/layoutx1/layoutxitem3/layouty2/layoutyitem16/layouty4/layoutyitem27">
      <left>0</left>
      <top>421</top>
      <width>328</width>
      <height>47</height>
      <backgroundColor>d0d0d0</backgroundColor>
      <text>　</text>
      <hAlign>left</hAlign>
    </control>
    <control type="LayoutYItem" pathname="/divRoot/layoutx1/layoutxitem3/layouty2/layoutyitem16/layouty4/layoutyitem28">
      <left>0</left>
      <top>468</top>
      <width>328</width>
      <height>47</height>
      <backgroundColor>f0f0f0</backgroundColor>
      <text>　</text>
      <hAlign>left</hAlign>
    </control>
    <control type="LayoutYItem" pathname="/divRoot/layoutx1/layoutxitem3/layouty2/layoutyitem17">
      <left>0</left>
      <top>599</top>
      <width>405</width>
      <height>23</height>
      <backgroundColor>d0d0d0</backgroundColor>
      <heavyEnabled>false</heavyEnabled>
    </control>
    <control type="LayoutXItem" pathname="/divRoot/layoutx1/layoutxitem7">
      <left>1007</left>
      <top>0</top>
      <width>5</width>
      <height>622</height>
      <backgroundColor>d0d0d0</backgroundColor>
      <heavyEnabled>false</heavyEnabled>
    </control>
  </controls>
  <sqlResultSet count="0" />
  <taskSet count="3">
    <taskSetItem name="search">
      <script1>eio.appendInt32(g5.pageSize);
eio.appendString8(ee.getEditText(ee.getControl("edit1")));
</script1>
      <script2><![CDATA[var pageSize = eio.readInt32();
var condition = eio.readString8();
if (condition.length>0) {
    condition = "WHERE   (accountName + cnName + email + website + postAddress + contactName + contactTel + note LIKE '%" +
        db.encode(condition) + "%')";
}
var sql, sqlResult;
//获取记录数量
sql = "select count(*) as c from manufacturerInfo " + condition + " order by regDatetime desc";
sqlResult = db.executeQuery("QR", sql);
db.read(sqlResult);
var count = db.getInt32(sqlResult, "c");
//读取表
sql = 
    "SELECT   accountName, cnName, balance, '登记时间：' + CONVERT(nvarchar, regDatetime, 20) " +
    "        + ' ' + (CASE WHEN website <> '' THEN '官网:' + website + ' ' ELSE '' END)  " +
    "        + (CASE WHEN postAddress <> '' THEN '地址:' + postAddress + ' ' ELSE '' END)  " +
    "        + (CASE WHEN contactName <> '' THEN '联系人:' + contactName + ' ' ELSE '' END)  " +
    "        + (CASE WHEN contactTel <> '' THEN '联系电话:' + contactTel + ' ' ELSE '' END)  " +
    "        + (CASE WHEN note <> '' THEN '备注:' + note + ' ' ELSE '' END) AS data " +
    "FROM      manufacturerInfo " + condition + " order by regDatetime desc ";
var sqlResult = db.executeQuery("QR", sql);
eio.appendInt32(count);
eio.appendDataSet(sqlResult, "accountName,cnName,balance,data", 0, pageSize);]]></script2>
      <script3>g5.recordCount = eio.readInt32();
g5.dataset1 = eio.readDataSet();
g5.pageIndex = 1;
g5.pageCount = parseInt(g5.recordCount/g5.pageSize)+1;
ee.setTableData(ee.getControl("tablebody1"), g5.dataset1, 0);
ee.setText(ee.getControl("panel4"), g5.pageIndex + "/" + g5.pageCount);
</script3>
    </taskSetItem>
    <taskSetItem name="getRecord">
      <script1>eio.appendString8(g5.accountName);
</script1>
      <script2>var accountName = eio.readString8();
var sql, sqlResult;
sql = "select  id, accountName, accountPassword, cnName, email, website, postAddress, contactName, contactTel, note, balance, " +
    "CONVERT(nvarchar, regDatetime, 20) as regDatetime from manufacturerInfo where accountName = '" + db.encode(accountName) + "' ";
sqlResult = db.executeQuery("QR", sql);
if (!db.read(sqlResult)) {
    eio.appendString8("用户不存在");
} else {
    eio.appendString8("T");
    eio.appendString16(db.getString(sqlResult,"id"));
    eio.appendString16(db.getString(sqlResult,"accountName"));
    eio.appendString16(db.getString(sqlResult,"cnName"));
    eio.appendString16(db.getString(sqlResult,"email"));
    eio.appendString16(db.getString(sqlResult,"website"));
    eio.appendString16(db.getString(sqlResult,"postAddress"));
    eio.appendString16(db.getString(sqlResult,"contactName"));
    eio.appendString16(db.getString(sqlResult,"contactTel"));
    eio.appendString16(db.getString(sqlResult,"note"));
    eio.appendString16(db.getString(sqlResult,"balance"));
    eio.appendString16(db.getString(sqlResult,"regDatetime"));
}
</script2>
      <script3>var r = eio.readString8();
if (r!="T") {
    alert("获取用户信息失败："+r);
    return;
}
ee.setText(ee.getControl("layoutyitem18"), eio.readString16());
ee.setText(ee.getControl("layoutyitem19"), eio.readString16());
ee.setEditText(ee.getControl("edit2"), eio.readString16());
ee.setEditText(ee.getControl("edit3"), eio.readString16());
ee.setEditText(ee.getControl("edit4"), eio.readString16());
ee.setEditText(ee.getControl("edit5"), eio.readString16());
ee.setEditText(ee.getControl("edit6"), eio.readString16());
ee.setEditText(ee.getControl("edit7"), eio.readString16());
ee.setEditText(ee.getControl("edit8"), eio.readString16());
ee.setText(ee.getControl("layoutyitem27"), eio.readString16());
ee.setText(ee.getControl("layoutyitem28"), eio.readString16());

</script3>
    </taskSetItem>
    <taskSetItem name="modify">
      <script1>//判断id合法性
if (parseInt(ee.getText(ee.getControl("layoutyitem18")))==NaN) {
    return;
}
eio.appendString16(ee.getText(ee.getControl("layoutyitem19")));
eio.appendString16(ee.getEditText(ee.getControl("edit2")));
eio.appendString16(ee.getEditText(ee.getControl("edit3")));
eio.appendString16(ee.getEditText(ee.getControl("edit4")));
eio.appendString16(ee.getEditText(ee.getControl("edit5")));
eio.appendString16(ee.getEditText(ee.getControl("edit6")));
eio.appendString16(ee.getEditText(ee.getControl("edit7")));
eio.appendString16(ee.getEditText(ee.getControl("edit8")));

</script1>
      <script2>var accountName = eio.readString16();
var sql = "update manufacturerInfo set " +
    "cnName = '" + db.encode(eio.readString16()) + "'," +
    "email = '" + db.encode(eio.readString16()) + "'," +
    "website = '" + db.encode(eio.readString16()) + "'," +
    "postAddress = '" + db.encode(eio.readString16()) + "'," +
    "contactName = '" + db.encode(eio.readString16()) + "'," +
    "contactTel = '" + db.encode(eio.readString16()) + "'," +
    "note = '" + db.encode(eio.readString16()) + "' " +
    "where accountName = '" + db.encode(accountName) + "' ";
db.executeNoneQuery("QR", sql);



</script2>
      <script3>search();</script3>
    </taskSetItem>
  </taskSet>
  <gridLines count="0" />
</page>