<EBProj>
  <projectName>众安房产</projectName>
  <projectItems count="23">
    <page pathname="/userCenter/main" />
    <page pathname="/userCenter/a" />
    <image pathname="/userCenter/a/dot.png" />
    <page pathname="/userCenter/userAdmin" />
    <page pathname="/userCenter/loginError" />
    <page pathname="/userCenter/loginHelp" />
    <page pathname="/main" />
    <image pathname="/main/p2d3a.jpg" />
    <image pathname="/main/btnFavorite.gif" />
    <image pathname="/main/dot.png" />
    <page pathname="/report" />
    <image pathname="/report/reportbg.jpg" />
    <image pathname="/report/reportbg1.jpg" />
    <page pathname="/sample" />
    <page pathname="/login" />
    <image pathname="/login/cp0000.jpg" />
    <image pathname="/login/cp0001.jpg" />
    <image pathname="/login/cp0002.jpg" />
    <image pathname="/login/登录页面2.jpg" />
    <page pathname="/invalid" />
    <page pathname="/birthBoard" />
    <image pathname="/birthBoard/bg1.jpg" />
    <image pathname="/birthBoard/bb.png" />
  </projectItems>
  <dbConnections count="2">
    <connection name="ZAOracle">
      <connectionString>DSN=ZAOracle2;UID=zapublic;PWD=zapublic;</connectionString>
    </connection>
    <connection name="ZAOracle2">
      <connectionString>DSN=ZAOracle3;UID=ecology;PWD=ecology;</connectionString>
    </connection>
  </dbConnections>
</EBProj>