<page>
  <controls count="8">
    <control type="DivRoot" pathname="/divRoot">
      <left>0</left>
      <top>0</top>
      <width>1000</width>
      <height>800</height>
      <backgroundColor>A0A0A0</backgroundColor>
      <bgColorEnabled>true</bgColorEnabled>
      <onControlLoad>ee.getControl("panel7").style.cursor = "hand";</onControlLoad>
    </control>
    <control type="Panel" pathname="/divRoot/panel1">
      <left>89</left>
      <top>53</top>
      <width>797</width>
      <height>537</height>
      <backgroundSkin>win1</backgroundSkin>
    </control>
    <control type="Panel" pathname="/divRoot/panel1/panel2">
      <left>91</left>
      <top>77</top>
      <width>586</width>
      <height>51</height>
      <text>登录失败</text>
      <fontFamily>黑体</fontFamily>
      <fontSize>30</fontSize>
      <fontBold>true</fontBold>
    </control>
    <control type="Panel" pathname="/divRoot/panel1/panel3">
      <left>66</left>
      <top>431</top>
      <width>638</width>
      <height>38</height>
      <text>如您仍旧无法解决此问题，请联系信息中心王状永 办公电话:82728887-8053, 移动电话:17767127668 
</text>
    </control>
    <control type="Panel" pathname="/divRoot/panel1/panel4">
      <left>101</left>
      <top>157</top>
      <width>271</width>
      <height>36</height>
      <text>以下问题可能会导致登录失败</text>
      <fontSize>12</fontSize>
      <hAlign>left</hAlign>
    </control>
    <control type="Panel" pathname="/divRoot/panel1/panel5">
      <left>106</left>
      <top>190</top>
      <width>469</width>
      <height>2</height>
      <bgColorEnabled>true</bgColorEnabled>
    </control>
    <control type="Panel" pathname="/divRoot/panel1/panel6">
      <left>125</left>
      <top>198</top>
      <width>472</width>
      <height>160</height>
      <text>1. 请用员工工号作为用户名登录，员工工号一般类似为"700555"一类的数字

2. 用户名或者密码错误：请使用原来P6系统的密码登录

3. 系统处于维护阶段，暂时无法登录

4. 连续10次登录失败，系统将锁定您的IP地址三个小时

5. 如果您无法回忆起以前的登录密码或者用户名，请联系信息中心工作人员</text>
      <hAlign>left</hAlign>
    </control>
    <control type="Panel" pathname="/divRoot/panel1/panel7">
      <left>561</left>
      <top>367</top>
      <width>134</width>
      <height>28</height>
      <backgroundSkin>skin1</backgroundSkin>
      <text><![CDATA[<<< 返回]]></text>
      <fontColor>FFFFFF</fontColor>
      <onClick>history.back();</onClick>
    </control>
  </controls>
  <sqlResultSet count="0" />
  <taskSet count="0" />
  <gridLines count="0" />
</page>