<page>
  <controls count="14">
    <control type="DivRoot" pathname="/divRoot">
      <left>0</left>
      <top>0</top>
      <width>1000</width>
      <height>800</height>
      <backgroundColor>ffffff</backgroundColor>
      <bgColorEnabled>true</bgColorEnabled>
      <backgroundSkin>body2</backgroundSkin>
      <onControlLoad>//ee.setVisible(ee.getControl("panel4"),true);</onControlLoad>
    </control>
    <control type="Panel" pathname="/divRoot/panel5">
      <left>10</left>
      <top>8</top>
      <width>981</width>
      <height>779</height>
    </control>
    <control type="Panel" pathname="/divRoot/panel5/panel1">
      <left>36</left>
      <top>33</top>
      <width>372</width>
      <height>645</height>
      <backgroundSkin>win1</backgroundSkin>
      <layerName>layer2</layerName>
    </control>
    <control type="Panel" pathname="/divRoot/panel5/panel1/panel2">
      <left>50</left>
      <top>137</top>
      <width>251</width>
      <height>399</height>
      <backgroundSkin>edit1</backgroundSkin>
    </control>
    <control type="Link" pathname="/divRoot/panel5/panel1/panel2/link1">
      <left>14</left>
      <top>16</top>
      <width>226</width>
      <height>29</height>
      <backgroundSkin>skin1000</backgroundSkin>
      <text>用户自助受理</text>
      <linkInternal>/userCenter/main</linkInternal>
    </control>
    <control type="Link" pathname="/divRoot/panel5/panel1/panel2/link2">
      <left>14</left>
      <top>53</top>
      <width>226</width>
      <height>29</height>
      <backgroundSkin>skin1000</backgroundSkin>
      <text>测试页面</text>
      <linkInternal>/userCenter/a</linkInternal>
    </control>
    <control type="Link" pathname="/divRoot/panel5/panel1/panel2/link3">
      <left>14</left>
      <top>90</top>
      <width>226</width>
      <height>29</height>
      <backgroundSkin>skin1000</backgroundSkin>
      <text>管理员重置密码</text>
      <linkInternal>/userCenter/userAdmin</linkInternal>
    </control>
    <control type="Link" pathname="/divRoot/panel5/panel1/panel2/link4">
      <left>14</left>
      <top>127</top>
      <width>226</width>
      <height>29</height>
      <backgroundSkin>skin1000</backgroundSkin>
      <text>用户登录错误提示窗口</text>
      <linkInternal>/userCenter/loginError</linkInternal>
    </control>
    <control type="Link" pathname="/divRoot/panel5/panel1/panel2/link5">
      <left>14</left>
      <top>165</top>
      <width>226</width>
      <height>29</height>
      <backgroundSkin>skin1000</backgroundSkin>
      <text>消息集成界面</text>
      <linkInternal>/main</linkInternal>
    </control>
    <control type="Link" pathname="/divRoot/panel5/panel1/panel2/link6">
      <left>14</left>
      <top>239</top>
      <width>226</width>
      <height>29</height>
      <backgroundSkin>skin1000</backgroundSkin>
      <text>单点登录页面</text>
      <linkInternal>/login</linkInternal>
    </control>
    <control type="Link" pathname="/divRoot/panel5/panel1/panel2/link7">
      <left>14</left>
      <top>202</top>
      <width>226</width>
      <height>29</height>
      <backgroundSkin>skin1000</backgroundSkin>
      <text>统计和报表主页面</text>
      <linkInternal>/report</linkInternal>
    </control>
    <control type="Panel" pathname="/divRoot/panel5/panel1/panel2/panel6">
      <left>152</left>
      <top>350</top>
      <width>88</width>
      <height>29</height>
      <backgroundSkin>skin1000</backgroundSkin>
      <text><![CDATA[>>>]]></text>
      <onClick>//ee.setRect(ee.getControl("link1"), 100, 100, 145,40);
var p = ee.getControl("link1");
ee.setVisible(ee.getControl("link1"), false);
ee.setVisible(ee.getControl("link2"), false);
ee.setVisible(ee.getControl("link3"), false);
ee.setVisible(ee.getControl("link4"), false);
ee.setVisible(ee.getControl("link5"), false);
ee.setVisible(ee.getControl("link7"), false);
ee.setVisible(ee.getControl("link6"), false);
eb.setAni(ee.getControl("link1"), "AWhiteAlpha", "topFlyIn", null, 1500, true, false);
eb.setAni(ee.getControl("link2"), "AWhiteAlpha", "topFlyIn", null, 1200, true, false);
eb.setAni(ee.getControl("link3"), "AWhiteAlpha", "topFlyIn", null, 1000, true, false);
eb.setAni(ee.getControl("link4"), "AWhiteAlpha", "topFlyIn", null, 700, true, false);
eb.setAni(ee.getControl("link5"), "AWhiteAlpha", "topBonus", null, 500, true, false);
eb.setAni(ee.getControl("link7"), "AWhiteAlpha", "topBonus", null, 300, true, false);
eb.setAni(ee.getControl("link6"), "AWhiteAlpha", "topBonus", null, 100, true, false);
ee.showAni(ee.getControl("link1"));
ee.showAni(ee.getControl("link2"));
ee.showAni(ee.getControl("link3"));
ee.showAni(ee.getControl("link4"));
ee.showAni(ee.getControl("link5"));
ee.showAni(ee.getControl("link7"));
ee.showAni(ee.getControl("link6"));




</onClick>
    </control>
    <control type="Panel" pathname="/divRoot/panel5/panel1/panel3">
      <left>60</left>
      <top>66</top>
      <width>231</width>
      <height>68</height>
      <text>EBuilder测试环境</text>
      <fontFamily>黑体</fontFamily>
      <fontSize>15</fontSize>
      <fontBold>true</fontBold>
    </control>
    <control type="Panel" pathname="/divRoot/panel5/panel4">
      <left>456</left>
      <top>256</top>
      <width>149</width>
      <height>115</height>
      <backgroundSkin>skin1000</backgroundSkin>
      <text>点我</text>
      <fontSize>16</fontSize>
      <fontBold>true</fontBold>
      <layerName>layer1</layerName>
      <cursor>pointer</cursor>
      <onClick>ee.hideAllLayer(ee.getControl("panel5"));
ee.showPanel(ee.getControl("panel1"), eeShowStyle.whiteAlpha);

</onClick>
      <aniPos>topBonus:顶部落入</aniPos>
      <aniAutoStart>true</aniAutoStart>
      <aniDelay>1000</aniDelay>
    </control>
  </controls>
  <sqlResultSet count="0" />
  <taskSet count="0" />
  <gridLines count="0" />
</page>