<page>
  <controls count="11">
    <control type="DivRoot" pathname="/divRoot">
      <left>0</left>
      <top>0</top>
      <width>1000</width>
      <height>800</height>
      <backgroundColor>ffffff</backgroundColor>
      <bgColorEnabled>true</bgColorEnabled>
      <onPageCreate><![CDATA[<%
var sql = "select * from Y_MANAGER where Y_MNGNAME = '" + 
	db.encode(request.get("username")) + "' and Y_MNGPASSWORD = '" + 
	es.getMd5(request.get("password")) + "'";

var sqlResult = db.executeQuery("ZAOracle",sql);
if (db.read(sqlResult)) {
	//
} else {
	"alert('用户名或密码错误，登录失败'); history.go(-1); ";
	//response.redirect("/default.aspx");
}
%>


]]></onPageCreate>
    </control>
    <control type="Panel" pathname="/divRoot/panel2">
      <left>167</left>
      <top>64</top>
      <width>559</width>
      <height>53</height>
      <backgroundSkin>r005</backgroundSkin>
    </control>
    <control type="Panel" pathname="/divRoot/panel2/panel3">
      <left>438</left>
      <top>13</top>
      <width>105</width>
      <height>27</height>
      <backgroundSkin>skin1</backgroundSkin>
      <text>查 询</text>
      <fontColor>FFFFFF</fontColor>
      <onClick>var username = ee.getEditText(ee.getControl("edit1"));
if (username.length!=6) {
	alert("请输入有效的工号，众安房产员工工号是一个以7开始的6位数字");
	return;
}
getUserInfo();</onClick>
      <onMouseEnter>this.style.cursor = "hand";</onMouseEnter>
    </control>
    <control type="Edit" pathname="/divRoot/panel2/edit1">
      <left>67</left>
      <top>13</top>
      <width>363</width>
      <height>27</height>
      <backgroundSkin>edit1</backgroundSkin>
    </control>
    <control type="Panel" pathname="/divRoot/panel2/panel4">
      <left>14</left>
      <top>13</top>
      <width>44</width>
      <height>27</height>
      <text>工号</text>
      <hAlign>right</hAlign>
    </control>
    <control type="Panel" pathname="/divRoot/panel13">
      <left>144</left>
      <top>118</top>
      <width>606</width>
      <height>314</height>
    </control>
    <control type="Panel" pathname="/divRoot/panel13/panel5">
      <left>26</left>
      <top>11</top>
      <width>556</width>
      <height>261</height>
      <backgroundColor>E0E0E0</backgroundColor>
      <bgColorEnabled>true</bgColorEnabled>
      <layerName>a</layerName>
    </control>
    <control type="Panel" pathname="/divRoot/panel13/panel5/panel8">
      <left>132</left>
      <top>38</top>
      <width>295</width>
      <height>33</height>
      <backgroundSkin>title1</backgroundSkin>
      <text>密码</text>
    </control>
    <control type="Panel" pathname="/divRoot/panel13/panel5/panel9">
      <left>132</left>
      <top>71</top>
      <width>295</width>
      <height>117</height>
      <backgroundSkin>body1</backgroundSkin>
    </control>
    <control type="Panel" pathname="/divRoot/panel13/panel5/panel9/panel10">
      <left>160</left>
      <top>66</top>
      <width>105</width>
      <height>27</height>
      <backgroundSkin>skin1</backgroundSkin>
      <text><![CDATA[重置密码 >>]]></text>
      <fontColor>FFFFFF</fontColor>
      <onClick>setPassword();</onClick>
      <onMouseEnter>this.style.cursor = "hand";</onMouseEnter>
    </control>
    <control type="Edit" pathname="/divRoot/panel13/panel5/panel9/edit2">
      <left>27</left>
      <top>23</top>
      <width>238</width>
      <height>27</height>
      <backgroundSkin>edit1</backgroundSkin>
      <inputPassword>true</inputPassword>
    </control>
  </controls>
  <sqlResultSet count="0" />
  <taskSet count="2">
    <taskSetItem name="getUserInfo">
      <script1>eio.appendString8(ee.getEditText(ee.getControl("edit1")));
</script1>
      <script2>//session.set("username","700592");
//var username = session.get("username");
var username = eio.readString8();
var sqlString = "select * from y_ryxx where ryxx_jobnum='" + username + "'";
var sqlResult = db.executeQuery("ZAOracle", sqlString);
if (db.read(sqlResult)) {
	eio.appendString8("T");
/*
	eio.appendString8(db.getString(sqlResult, "RYXX_NAME")); //名字
	eio.appendString8(db.getString(sqlResult, "ZZGS_NAME")); //分部
	eio.appendString8(db.getString(sqlResult, "ZZBM_NAME")); //部门
	eio.appendString8(db.getString(sqlResult, "GWXX_POSTNAME")); //岗位
	eio.appendString8(db.getString(sqlResult, "RYXX_TEL")); //电话
	eio.appendString8(db.getString(sqlResult, "RYXX_MOBILE")); //移动电话
	eio.appendString8(db.getString(sqlResult, "RYXX_EMAIL")); //电子邮件
*/
} else {
	eio.appendString8("该工号不存在：" + username);
}
</script2>
      <script3>var result = eio.readString8();
if (result!="T") {
	alert(result);
	return;
}
/*
ee.setEditText(ee.getControl("edit3"), eio.readString8());
ee.setEditText(ee.getControl("edit4"), eio.readString8());
ee.setEditText(ee.getControl("edit5"), eio.readString8());
ee.setEditText(ee.getControl("edit7"), eio.readString8());
ee.setEditText(ee.getControl("edit8"), eio.readString8());
ee.setEditText(ee.getControl("edit9"), eio.readString8());
ee.setEditText(ee.getControl("edit10"), eio.readString8());
*/

//ee.hideAllLayer($("ee_panel4"));
ee.showPanel(ee.getControl("panel5"), eeShowStyle.whiteAlpha);
ee.setEditText(ee.getControl("edit2"),"");
</script3>
    </taskSetItem>
    <taskSetItem name="setPassword">
      <script1>eio.appendString8(ee.getEditText(ee.getControl("edit1")));
eio.appendString8(ee.getEditText(ee.getControl("edit2")));

</script1>
      <script2>var username = eio.readString8();
var password = eio.readString8();
var sqlString = "update y_ryxx set " +
	"RYXX_PASSWORD = '" +  es.getMd5(password) + "' " +
	"where RYXX_JOBNUM = '" + username + "';";
db.executeNoneQuery("ZAOracle", sqlString);
sqlString = "update hrmresource set " +
	"PASSWORD = '" +  es.getMd5(password) + "' " +
	"where LOGINID = '" + username + "';";
db.executeNoneQuery("ZAOracle2", sqlString);
eio.appendString8("T");
</script2>
      <script3>var result = eio.readString8();
if (result=="T") {
	alert("重置密码完成");
} else {
	alert(result);
}
ee.hideAllLayer(ee.getControl("panel13"));

</script3>
    </taskSetItem>
  </taskSet>
  <gridLines count="0" />
</page>