<EBProj>
  <projectName>MA315主页</projectName>
  <projectItems count="15">
    <page pathname="/admin/msgEditor" />
    <page pathname="/main" />
    <image pathname="/main/logo.png" />
    <image pathname="/main/s1.jpg" />
    <image pathname="/main/s2.jpg" />
    <image pathname="/main/s3.jpg" />
    <image pathname="/main/s4.jpg" />
    <image pathname="/main/shouyi.GIF" />
    <image pathname="/main/p1.jpg" />
    <image pathname="/main/p2.jpg" />
    <image pathname="/main/p3.jpg" />
    <image pathname="/main/p4.jpg" />
    <page pathname="/msg" />
    <image pathname="/msg/xz_bn.png" />
    <image pathname="/msg/p2d3a.jpg" />
  </projectItems>
  <dbConnections count="1">
    <connection name="EBWeb">
      <connectionString>DSN=EBWeb;UID=sa;PWD=1qazxsw2;</connectionString>
    </connection>
  </dbConnections>
</EBProj>