<page>
  <controls count="63">
    <control type="DivRoot" pathname="/divRoot">
      <left>0</left>
      <top>0</top>
      <width>1236</width>
      <height>719</height>
      <dockX>fill</dockX>
      <dockY>fill</dockY>
      <backgroundColor>ffffff</backgroundColor>
      <bgColorEnabled>true</bgColorEnabled>
      <onPageCreate><![CDATA[g5.msgId = <% request.get("id"); %>;]]></onPageCreate>
      <onControlLoad>ee.setText(ee.getControl("panel14"), "");
ee.setText(ee.getControl("panel15"), "");
ee.setText(ee.getControl("panel17"), "");
getList();
getPage();
</onControlLoad>
    </control>
    <control type="LayoutY" pathname="/divRoot/layouty1">
      <left>0</left>
      <top>0</top>
      <width>1236</width>
      <height>719</height>
      <dockX>fill</dockX>
      <dockY>fill</dockY>
    </control>
    <control type="LayoutYItem" pathname="/divRoot/layouty1/layoutyitem1">
      <left>0</left>
      <top>0</top>
      <width>1236</width>
      <height>112</height>
      <backgroundColor>f0f0f0</backgroundColor>
      <heavyEnabled>false</heavyEnabled>
    </control>
    <control type="Panel" pathname="/divRoot/layouty1/layoutyitem1/panel1">
      <left>0</left>
      <top>0</top>
      <width>1236</width>
      <height>79</height>
      <dockX>fill</dockX>
      <dockY>top</dockY>
    </control>
    <control type="Panel" pathname="/divRoot/layouty1/layoutyitem1/panel1/panel3">
      <left>59</left>
      <top>13</top>
      <width>59</width>
      <height>48</height>
      <backgroundImg>CPY0003.jpg</backgroundImg>
      <backgroundImgMode>fill</backgroundImgMode>
    </control>
    <control type="Panel" pathname="/divRoot/layouty1/layoutyitem1/panel1/panel16">
      <left>124</left>
      <top>11</top>
      <width>405</width>
      <height>35</height>
      <text>MA315二维码防伪认证平台</text>
      <fontSize>18</fontSize>
      <fontColor>800000</fontColor>
      <fontBold>true</fontBold>
      <hAlign>left</hAlign>
    </control>
    <control type="Panel" pathname="/divRoot/layouty1/layoutyitem1/panel1/panel2">
      <left>126</left>
      <top>42</top>
      <width>294</width>
      <height>24</height>
      <text>www.ma315.com - 助您企业一臂之力</text>
      <fontFamily>Tahoma</fontFamily>
      <fontColor>808080</fontColor>
      <hAlign>left</hAlign>
    </control>
    <control type="Panel" pathname="/divRoot/layouty1/layoutyitem1/panel1/panel84">
      <left>815</left>
      <top>0</top>
      <width>421</width>
      <height>79</height>
      <dockX>right</dockX>
      <dockY>fill</dockY>
    </control>
    <control type="Edit" pathname="/divRoot/layouty1/layoutyitem1/panel1/panel84/edit1">
      <left>107</left>
      <top>13</top>
      <width>167</width>
      <height>25</height>
      <backgroundSkin>edit1</backgroundSkin>
    </control>
    <control type="Panel" pathname="/divRoot/layouty1/layoutyitem1/panel1/panel84/panel85">
      <left>290</left>
      <top>40</top>
      <width>88</width>
      <height>26</height>
      <backgroundSkin>skin1003</backgroundSkin>
      <text>登录MA315</text>
      <fontColor>E0E0E0</fontColor>
      <cursor>pointer</cursor>
      <onClick>login();</onClick>
    </control>
    <control type="Panel" pathname="/divRoot/layouty1/layoutyitem1/panel1/panel84/panel86">
      <left>43</left>
      <top>13</top>
      <width>63</width>
      <height>25</height>
      <text>用户名</text>
    </control>
    <control type="Panel" pathname="/divRoot/layouty1/layoutyitem1/panel1/panel84/panel87">
      <left>43</left>
      <top>41</top>
      <width>63</width>
      <height>25</height>
      <text>密码</text>
    </control>
    <control type="Edit" pathname="/divRoot/layouty1/layoutyitem1/panel1/panel84/edit2">
      <left>107</left>
      <top>41</top>
      <width>167</width>
      <height>25</height>
      <backgroundSkin>edit1</backgroundSkin>
      <inputPassword>true</inputPassword>
    </control>
    <control type="Panel" pathname="/divRoot/layouty1/layoutyitem1/panel4">
      <left>0</left>
      <top>79</top>
      <width>1236</width>
      <height>33</height>
      <dockX>fill</dockX>
      <backgroundColor>AE445C</backgroundColor>
      <bgColorEnabled>true</bgColorEnabled>
    </control>
    <control type="LayoutX" pathname="/divRoot/layouty1/layoutyitem1/panel4/layoutx1">
      <left>118</left>
      <top>0</top>
      <width>1000</width>
      <height>33</height>
      <dockX>center</dockX>
      <dockY>fill</dockY>
      <fieldCount>6</fieldCount>
    </control>
    <control type="LayoutXItem" pathname="/divRoot/layouty1/layoutyitem1/panel4/layoutx1/layoutxitem1">
      <left>0</left>
      <top>0</top>
      <width>143</width>
      <height>33</height>
      <backgroundColor>f0f0f0</backgroundColor>
      <text>首页</text>
      <fontSize>12</fontSize>
      <fontColor>FFFFFF</fontColor>
      <fontBold>true</fontBold>
      <cursor>pointer</cursor>
      <onClick>window.location.href = "ee.aspx?_L_=/ma315/main";</onClick>
    </control>
    <control type="Panel" pathname="/divRoot/layouty1/layoutyitem1/panel4/layoutx1/layoutxitem1/panel5">
      <left>0</left>
      <top>0</top>
      <width>2</width>
      <height>33</height>
      <dockX>left</dockX>
      <dockY>fill</dockY>
      <backgroundColor>FFFFFF</backgroundColor>
      <bgColorEnabled>true</bgColorEnabled>
    </control>
    <control type="LayoutXItem" pathname="/divRoot/layouty1/layoutyitem1/panel4/layoutx1/layoutxitem2">
      <left>143</left>
      <top>0</top>
      <width>143</width>
      <height>33</height>
      <backgroundColor>d0d0d0</backgroundColor>
      <text>产品介绍</text>
      <fontSize>12</fontSize>
      <fontColor>FFFFFF</fontColor>
      <fontBold>true</fontBold>
      <cursor>pointer</cursor>
      <onClick>window.location.href = ee.pageRoot + "/msg&amp;id=14";</onClick>
    </control>
    <control type="Panel" pathname="/divRoot/layouty1/layoutyitem1/panel4/layoutx1/layoutxitem2/panel6">
      <left>0</left>
      <top>0</top>
      <width>2</width>
      <height>33</height>
      <dockX>left</dockX>
      <dockY>fill</dockY>
      <backgroundColor>FFFFFF</backgroundColor>
      <bgColorEnabled>true</bgColorEnabled>
    </control>
    <control type="LayoutXItem" pathname="/divRoot/layouty1/layoutyitem1/panel4/layoutx1/layoutxitem3">
      <left>286</left>
      <top>0</top>
      <width>143</width>
      <height>33</height>
      <backgroundColor>f0f0f0</backgroundColor>
      <text>自助受理中心</text>
      <fontSize>12</fontSize>
      <fontColor>FFFFFF</fontColor>
      <fontBold>true</fontBold>
      <cursor>pointer</cursor>
      <onClick>window.location.href = "ee.aspx?_L_=/qrUserCenter/main";</onClick>
    </control>
    <control type="Panel" pathname="/divRoot/layouty1/layoutyitem1/panel4/layoutx1/layoutxitem3/panel7">
      <left>0</left>
      <top>0</top>
      <width>2</width>
      <height>33</height>
      <dockX>left</dockX>
      <dockY>fill</dockY>
      <backgroundColor>FFFFFF</backgroundColor>
      <bgColorEnabled>true</bgColorEnabled>
    </control>
    <control type="LayoutXItem" pathname="/divRoot/layouty1/layoutyitem1/panel4/layoutx1/layoutxitem4">
      <left>429</left>
      <top>0</top>
      <width>142</width>
      <height>33</height>
      <backgroundColor>d0d0d0</backgroundColor>
      <text>招商合作</text>
      <fontSize>12</fontSize>
      <fontColor>FFFFFF</fontColor>
      <fontBold>true</fontBold>
      <cursor>pointer</cursor>
      <onClick>window.location.href = ee.pageRoot + "/msg&amp;id=18";</onClick>
    </control>
    <control type="Panel" pathname="/divRoot/layouty1/layoutyitem1/panel4/layoutx1/layoutxitem4/panel8">
      <left>0</left>
      <top>0</top>
      <width>2</width>
      <height>33</height>
      <dockX>left</dockX>
      <dockY>fill</dockY>
      <backgroundColor>FFFFFF</backgroundColor>
      <bgColorEnabled>true</bgColorEnabled>
    </control>
    <control type="LayoutXItem" pathname="/divRoot/layouty1/layoutyitem1/panel4/layoutx1/layoutxitem5">
      <left>571</left>
      <top>0</top>
      <width>143</width>
      <height>33</height>
      <backgroundColor>f0f0f0</backgroundColor>
      <text>联系我们</text>
      <fontSize>12</fontSize>
      <fontColor>FFFFFF</fontColor>
      <fontBold>true</fontBold>
      <cursor>pointer</cursor>
      <onClick>window.location.href = ee.pageRoot + "/msg&amp;id=17";</onClick>
    </control>
    <control type="Panel" pathname="/divRoot/layouty1/layoutyitem1/panel4/layoutx1/layoutxitem5/panel9">
      <left>0</left>
      <top>0</top>
      <width>2</width>
      <height>33</height>
      <dockX>left</dockX>
      <dockY>fill</dockY>
      <backgroundColor>FFFFFF</backgroundColor>
      <bgColorEnabled>true</bgColorEnabled>
    </control>
    <control type="LayoutXItem" pathname="/divRoot/layouty1/layoutyitem1/panel4/layoutx1/layoutxitem6">
      <left>714</left>
      <top>0</top>
      <width>286</width>
      <height>33</height>
      <backgroundColor>d0d0d0</backgroundColor>
      <heavy>200</heavy>
    </control>
    <control type="Panel" pathname="/divRoot/layouty1/layoutyitem1/panel4/layoutx1/layoutxitem6/panel10">
      <left>0</left>
      <top>0</top>
      <width>2</width>
      <height>33</height>
      <dockX>left</dockX>
      <dockY>fill</dockY>
      <backgroundColor>FFFFFF</backgroundColor>
      <bgColorEnabled>true</bgColorEnabled>
    </control>
    <control type="LayoutYItem" pathname="/divRoot/layouty1/layoutyitem2">
      <left>0</left>
      <top>112</top>
      <width>1236</width>
      <height>510</height>
      <backgroundColor>d0d0d0</backgroundColor>
    </control>
    <control type="LayoutX" pathname="/divRoot/layouty1/layoutyitem2/layoutx3">
      <left>0</left>
      <top>0</top>
      <width>1236</width>
      <height>510</height>
      <dockX>fill</dockX>
      <dockY>fill</dockY>
      <fieldCount>4</fieldCount>
    </control>
    <control type="LayoutXItem" pathname="/divRoot/layouty1/layoutyitem2/layoutx3/layoutxitem11">
      <left>0</left>
      <top>0</top>
      <width>265</width>
      <height>510</height>
      <backgroundColor>A5413F</backgroundColor>
      <backgroundImgMode>fill</backgroundImgMode>
      <heavyEnabled>false</heavyEnabled>
    </control>
    <control type="Panel" pathname="/divRoot/layouty1/layoutyitem2/layoutx3/layoutxitem11/panel11">
      <left>261</left>
      <top>0</top>
      <width>4</width>
      <height>510</height>
      <dockX>right</dockX>
      <dockY>fill</dockY>
      <backgroundColor>AE445C</backgroundColor>
      <bgColorEnabled>true</bgColorEnabled>
    </control>
    <control type="Panel" pathname="/divRoot/layouty1/layoutyitem2/layoutx3/layoutxitem11/panel12">
      <left>0</left>
      <top>0</top>
      <width>4</width>
      <height>510</height>
      <dockX>left</dockX>
      <dockY>fill</dockY>
      <backgroundColor>AE445C</backgroundColor>
      <bgColorEnabled>true</bgColorEnabled>
    </control>
    <control type="TableBody" pathname="/divRoot/layouty1/layoutyitem2/layoutx3/layoutxitem11/tablebody1">
      <left>22</left>
      <top>26</top>
      <width>221</width>
      <height>405</height>
      <tableTitle>tabletitle1</tableTitle>
    </control>
    <control type="TableBodyItem" pathname="/divRoot/layouty1/layoutyitem2/layoutx3/layoutxitem11/tablebody1/tablebodyitem1">
      <left>0</left>
      <top>0</top>
      <width>221</width>
      <height>40</height>
      <backgroundColor>f0f0f0</backgroundColor>
      <text>.</text>
      <fontSize>12</fontSize>
      <fontColor>800000</fontColor>
      <fontBold>true</fontBold>
      <onUpdate>if (text.length == 0) {
	sender.style.cursor = "auto";
	ee.setText(sender, "");
	return;
}
var a = text.split('`');
ee.setText(sender, a[0]);
sender.style.cursor = "pointer";
sender.onclick = function () {
	window.location.href = ee.pageRoot + "/msg&amp;id=" + a[1];
}

</onUpdate>
    </control>
    <control type="Panel" pathname="/divRoot/layouty1/layoutyitem2/layoutx3/layoutxitem11/tablebody1/temp37">
      <left>0</left>
      <top>40</top>
      <width>221</width>
      <height>41</height>
      <backgroundColor>f0f0f0</backgroundColor>
      <text>.</text>
      <fontSize>12</fontSize>
      <fontColor>800000</fontColor>
      <fontBold>true</fontBold>
    </control>
    <control type="Panel" pathname="/divRoot/layouty1/layoutyitem2/layoutx3/layoutxitem11/tablebody1/temp38">
      <left>0</left>
      <top>81</top>
      <width>221</width>
      <height>40</height>
      <backgroundColor>f0f0f0</backgroundColor>
      <text>.</text>
      <fontSize>12</fontSize>
      <fontColor>800000</fontColor>
      <fontBold>true</fontBold>
    </control>
    <control type="Panel" pathname="/divRoot/layouty1/layoutyitem2/layoutx3/layoutxitem11/tablebody1/temp39">
      <left>0</left>
      <top>121</top>
      <width>221</width>
      <height>41</height>
      <backgroundColor>f0f0f0</backgroundColor>
      <text>.</text>
      <fontSize>12</fontSize>
      <fontColor>800000</fontColor>
      <fontBold>true</fontBold>
    </control>
    <control type="Panel" pathname="/divRoot/layouty1/layoutyitem2/layoutx3/layoutxitem11/tablebody1/temp40">
      <left>0</left>
      <top>162</top>
      <width>221</width>
      <height>40</height>
      <backgroundColor>f0f0f0</backgroundColor>
      <text>.</text>
      <fontSize>12</fontSize>
      <fontColor>800000</fontColor>
      <fontBold>true</fontBold>
    </control>
    <control type="Panel" pathname="/divRoot/layouty1/layoutyitem2/layoutx3/layoutxitem11/tablebody1/temp41">
      <left>0</left>
      <top>202</top>
      <width>221</width>
      <height>41</height>
      <backgroundColor>f0f0f0</backgroundColor>
      <text>.</text>
      <fontSize>12</fontSize>
      <fontColor>800000</fontColor>
      <fontBold>true</fontBold>
    </control>
    <control type="Panel" pathname="/divRoot/layouty1/layoutyitem2/layoutx3/layoutxitem11/tablebody1/temp42">
      <left>0</left>
      <top>243</top>
      <width>221</width>
      <height>40</height>
      <backgroundColor>f0f0f0</backgroundColor>
      <text>.</text>
      <fontSize>12</fontSize>
      <fontColor>800000</fontColor>
      <fontBold>true</fontBold>
    </control>
    <control type="Panel" pathname="/divRoot/layouty1/layoutyitem2/layoutx3/layoutxitem11/tablebody1/temp43">
      <left>0</left>
      <top>283</top>
      <width>221</width>
      <height>41</height>
      <backgroundColor>f0f0f0</backgroundColor>
      <text>.</text>
      <fontSize>12</fontSize>
      <fontColor>800000</fontColor>
      <fontBold>true</fontBold>
    </control>
    <control type="Panel" pathname="/divRoot/layouty1/layoutyitem2/layoutx3/layoutxitem11/tablebody1/temp44">
      <left>0</left>
      <top>324</top>
      <width>221</width>
      <height>40</height>
      <backgroundColor>f0f0f0</backgroundColor>
      <text>.</text>
      <fontSize>12</fontSize>
      <fontColor>800000</fontColor>
      <fontBold>true</fontBold>
    </control>
    <control type="Panel" pathname="/divRoot/layouty1/layoutyitem2/layoutx3/layoutxitem11/tablebody1/temp45">
      <left>0</left>
      <top>364</top>
      <width>221</width>
      <height>41</height>
      <backgroundColor>f0f0f0</backgroundColor>
      <text>.</text>
      <fontSize>12</fontSize>
      <fontColor>800000</fontColor>
      <fontBold>true</fontBold>
    </control>
    <control type="TableTitle" pathname="/divRoot/layouty1/layoutyitem2/layoutx3/layoutxitem11/tabletitle1">
      <left>22</left>
      <top>19</top>
      <width>221</width>
      <height>7</height>
      <dockX>center</dockX>
      <columnCount>1</columnCount>
      <tableBody>tablebody1</tableBody>
    </control>
    <control type="TableTitleItem" pathname="/divRoot/layouty1/layoutyitem2/layoutx3/layoutxitem11/tabletitle1/tabletitleitem1">
      <left>0</left>
      <top>0</top>
      <width>221</width>
      <height>7</height>
      <backgroundColor>AE445C</backgroundColor>
      <bgColorEnabled>true</bgColorEnabled>
    </control>
    <control type="LayoutXItem" pathname="/divRoot/layouty1/layoutyitem2/layoutx3/layoutxitem12">
      <left>265</left>
      <top>0</top>
      <width>31</width>
      <height>510</height>
      <backgroundColor>d0d0d0</backgroundColor>
      <heavyEnabled>false</heavyEnabled>
    </control>
    <control type="LayoutXItem" pathname="/divRoot/layouty1/layoutyitem2/layoutx3/layoutxitem13">
      <left>296</left>
      <top>0</top>
      <width>908</width>
      <height>510</height>
      <backgroundColor>f0f0f0</backgroundColor>
      <backgroundImg>xz_bn.png</backgroundImg>
    </control>
    <control type="LayoutY" pathname="/divRoot/layouty1/layoutyitem2/layoutx3/layoutxitem13/layouty2">
      <left>0</left>
      <top>0</top>
      <width>908</width>
      <height>510</height>
      <dockX>fill</dockX>
      <dockY>fill</dockY>
      <fieldCount>2</fieldCount>
    </control>
    <control type="LayoutYItem" pathname="/divRoot/layouty1/layoutyitem2/layoutx3/layoutxitem13/layouty2/layoutyitem4">
      <left>0</left>
      <top>0</top>
      <width>908</width>
      <height>82</height>
      <backgroundColor>f0f0f0</backgroundColor>
      <heavyEnabled>false</heavyEnabled>
    </control>
    <control type="Panel" pathname="/divRoot/layouty1/layoutyitem2/layoutx3/layoutxitem13/layouty2/layoutyitem4/panel13">
      <left>0</left>
      <top>80</top>
      <width>908</width>
      <height>2</height>
      <dockX>fill</dockX>
      <dockY>bottom</dockY>
      <backgroundColor>AE445C</backgroundColor>
      <bgColorEnabled>true</bgColorEnabled>
    </control>
    <control type="Panel" pathname="/divRoot/layouty1/layoutyitem2/layoutx3/layoutxitem13/layouty2/layoutyitem4/panel14">
      <left>15</left>
      <top>17</top>
      <width>686</width>
      <height>44</height>
      <text>标题</text>
      <fontFamily>黑体</fontFamily>
      <fontSize>22</fontSize>
      <fontColor>800000</fontColor>
      <hAlign>left</hAlign>
    </control>
    <control type="Panel" pathname="/divRoot/layouty1/layoutyitem2/layoutx3/layoutxitem13/layouty2/layoutyitem4/panel15">
      <left>52</left>
      <top>54</top>
      <width>606</width>
      <height>21</height>
      <text>副标题</text>
      <fontColor>808080</fontColor>
      <fontBold>true</fontBold>
      <hAlign>left</hAlign>
    </control>
    <control type="Panel" pathname="/divRoot/layouty1/layoutyitem2/layoutx3/layoutxitem13/layouty2/layoutyitem4/panel17">
      <left>694</left>
      <top>54</top>
      <width>214</width>
      <height>21</height>
      <dockX>right</dockX>
      <text>2014-3</text>
      <fontFamily>Arial</fontFamily>
      <fontColor>808080</fontColor>
      <fontBold>true</fontBold>
      <hAlign>left</hAlign>
    </control>
    <control type="LayoutYItem" pathname="/divRoot/layouty1/layoutyitem2/layoutx3/layoutxitem13/layouty2/layoutyitem5">
      <left>0</left>
      <top>82</top>
      <width>908</width>
      <height>428</height>
      <backgroundColor>d0d0d0</backgroundColor>
      <text>.</text>
      <hAlign>left</hAlign>
      <vAlign>top</vAlign>
    </control>
    <control type="LayoutXItem" pathname="/divRoot/layouty1/layoutyitem2/layoutx3/layoutxitem14">
      <left>1204</left>
      <top>0</top>
      <width>32</width>
      <height>510</height>
      <backgroundColor>d0d0d0</backgroundColor>
      <heavyEnabled>false</heavyEnabled>
    </control>
    <control type="LayoutYItem" pathname="/divRoot/layouty1/layoutyitem3">
      <left>0</left>
      <top>622</top>
      <width>1236</width>
      <height>97</height>
      <backgroundColor>f0f0f0</backgroundColor>
      <backgroundImg>for.gif</backgroundImg>
      <heavyEnabled>false</heavyEnabled>
    </control>
    <control type="Panel" pathname="/divRoot/layouty1/layoutyitem3/panel78">
      <left>333</left>
      <top>1</top>
      <width>570</width>
      <height>32</height>
      <dockX>center</dockX>
      <text>客服邮箱：tam3001@163.com</text>
      <fontColor>FFFFFF</fontColor>
    </control>
    <control type="Panel" pathname="/divRoot/layouty1/layoutyitem3/panel79">
      <left>196</left>
      <top>22</top>
      <width>843</width>
      <height>32</height>
      <dockX>center</dockX>
      <text>Copyright © 2013-2015 上海六舟网络科技有限公司 版权所有 MA315防伪认证中心 http://www.ma315.com 沪ICP备15023913号-1</text>
      <fontColor>FFFFFF</fontColor>
    </control>
    <control type="LayoutX" pathname="/divRoot/layouty1/layoutyitem3/layoutx2">
      <left>309</left>
      <top>67</top>
      <width>617</width>
      <height>30</height>
      <dockX>center</dockX>
      <dockY>bottom</dockY>
      <fieldCount>4</fieldCount>
    </control>
    <control type="LayoutXItem" pathname="/divRoot/layouty1/layoutyitem3/layoutx2/layoutxitem7">
      <left>0</left>
      <top>0</top>
      <width>154</width>
      <height>30</height>
      <backgroundColor>f0f0f0</backgroundColor>
      <backgroundSkin>title1</backgroundSkin>
      <text>联系我们</text>
      <cursor>pointer</cursor>
      <onClick>window.location.href = ee.pageRoot + "/msg&amp;id=17";</onClick>
    </control>
    <control type="LayoutXItem" pathname="/divRoot/layouty1/layoutyitem3/layoutx2/layoutxitem8">
      <left>154</left>
      <top>0</top>
      <width>154</width>
      <height>30</height>
      <backgroundColor>d0d0d0</backgroundColor>
      <backgroundSkin>title1</backgroundSkin>
      <text>招聘岗位</text>
      <cursor>pointer</cursor>
      <onClick>window.location.href = ee.pageRoot + "/msg&amp;id=19";</onClick>
    </control>
    <control type="LayoutXItem" pathname="/divRoot/layouty1/layoutyitem3/layoutx2/layoutxitem9">
      <left>308</left>
      <top>0</top>
      <width>155</width>
      <height>30</height>
      <backgroundColor>f0f0f0</backgroundColor>
      <backgroundSkin>title1</backgroundSkin>
      <text>法律声明</text>
      <cursor>pointer</cursor>
      <onClick>window.location.href = ee.pageRoot + "/msg&amp;id=20";</onClick>
    </control>
    <control type="LayoutXItem" pathname="/divRoot/layouty1/layoutyitem3/layoutx2/layoutxitem10">
      <left>463</left>
      <top>0</top>
      <width>154</width>
      <height>30</height>
      <backgroundColor>d0d0d0</backgroundColor>
      <backgroundSkin>title1</backgroundSkin>
      <text>网站地图</text>
      <cursor>pointer</cursor>
      <onClick>window.location.href = ee.pageRoot + "/main";</onClick>
    </control>
  </controls>
  <sqlResultSet count="0" />
  <taskSet count="2">
    <taskSetItem name="getList">
      <script1>eio.appendInt32(g5.msgId);</script1>
      <script2>var msgId = eio.readInt32();
//获取newsType
var sql, sqlResult;
sql = "select * from news where id = " + msgId;
sqlResult = db.executeQuery("EBWeb", sql);
db.read(sqlResult);
var newsType = db.getString(sqlResult, "newsType");
//同类消息列表
sql = "select title + '`' + cast(id as varchar(20)) as title from news where newsType = '" + db.encode(newsType) + "' order by regdatetime desc";
sqlResult = db.executeQuery("EBWeb", sql);
eio.appendDataSet(sqlResult, "title", 0, 20);
</script2>
      <script3>g5.dataset1 = eio.readDataSet();
ee.setTableData(ee.getControl("tablebody1"), g5.dataset1, 0);
</script3>
    </taskSetItem>
    <taskSetItem name="getPage">
      <script1>eio.appendInt32(g5.msgId);</script1>
      <script2>var msgId = eio.readInt32();
var sql, sqlResult;
sql = "select title, subTitle, data, convert(varchar, regdatetime, 120) as regdatetime from news where id = " + msgId;
sqlResult = db.executeQuery("EBWeb", sql);
db.read(sqlResult);
eio.appendString8(db.getString(sqlResult,"title"));
eio.appendString8(db.getString(sqlResult,"subTitle"));
eio.appendString8(db.getString(sqlResult,"regdatetime").substring(0, 16));
eio.appendString32(db.getString(sqlResult,"data"));







</script2>
      <script3>ee.setText(ee.getControl("panel14"), eio.readString8());
ee.setText(ee.getControl("panel15"), eio.readString8());
ee.setText(ee.getControl("panel17"), eio.readString8());
ee.setText(ee.getControl("layoutyitem5"), eio.readString32());
ee.getControl("layoutyitem5").style.overflow = "auto";</script3>
    </taskSetItem>
  </taskSet>
  <gridLines count="0" />
</page>