<page>
  <controls count="15">
    <control type="DivRoot" pathname="/divRoot">
      <left>0</left>
      <top>0</top>
      <width>1012</width>
      <height>622</height>
      <dockX>fill</dockX>
      <dockY>fill</dockY>
      <backgroundColor>ffffff</backgroundColor>
      <bgColorEnabled>true</bgColorEnabled>
      <onControlLoad><![CDATA[<%
if (session.get("username").length == 0) {
    response.redirect("ee.aspx?_L_=/qrAdmin/login");
}
%>
g5.pages = new Array();

//创建新页面
g5.divTab = ee.getControl("layoutyitem4");
g5.divFrame = ee.getControl("layoutyitem5");

g5.appendPage = function (title, url) {
    var page = new Object();
    page.title = title;
    page.url = url;
    page.active = true;
    page.divTab = createPanel(g5.divTab, "", "", 120 * g5.pages.length, 0, 120, 32);
    page.divTab.style.cursor = "hand";
    page.img1 = eb.createImg(page.divTab, "");
    page.img1.style.width = "100%";
    page.img1.style.height = "100%";
    page.divText = createPanel(page.divTab, "", "", 0, 0, 120, 32);
    page.text = addText(page.divText, title, "center", "middle", "宋体", 9, "000000", "normal");
    page.divClose = createPanel(page.divTab, "", "", 103, 12, 8, 8); ;
    page.divCloseImg = eb.createImg(page.divClose, "");
    page.divCloseImg.style.width = "100%";
    page.divCloseImg.style.height = "100%";
    page.divFrame = document.createElement("iframe");
    page.divFrame.style.position = "absolute";
    page.divFrame.style.width = "100%";
    page.divFrame.style.height = "100%";
    page.divFrame.style.scrolling = "auto";
    page.divFrame.style.overflow = "auto";
    page.divFrame.setAttribute("frameborder", "0", 0);
    g5.divFrame.appendChild(page.divFrame);
    page.divFrame.src = url;
    page.divTab.onclick = function () {
        var index = -1;
        for (var i = 0; i < g5.pages.length; i++) {
            if (g5.pages[i].divTab == this) {
                index = i;
                break;
            }
        }
        if (index < 0) return;
        g5.activePage(index);
    }
    page.divClose.onclick = function () {
        var i;
        var index = -1;
        for (i = 0; i < g5.pages.length; i++) {
            if (g5.pages[i].divClose == this) {
                index = i;
                break;
            }
        }
        if (index < 0) return;
        if (g5.pages[index].active) {
            if (index + 1 < g5.pages.length) {
                g5.activePage(index + 1);
            } else if (index - 1 >= 0) {
                g5.activePage(index - 1);
            }
        }
        g5.pages[index].divTab.parentNode.removeChild(g5.pages[index].divTab);
        g5.pages[index].divFrame.parentNode.removeChild(g5.pages[index].divFrame);
        g5.pages.splice(index, 1);
        for (i = 0; i < g5.pages.length; i++) {
            g5.pages[i].divTab.style.left = i * 120 + "px";
        }
    }
    g5.pages.push(page);
    g5.activePage(g5.pages.length - 1);
}
//激活一个tab页面
g5.activePage = function (index) {
    for (var i = 0; i < g5.pages.length; i++) {
        g5.pages[i].active = false;
        g5.pages[i].img1.src = "eeImage.aspx?_image_Url_=/qrAdmin/main/p2d3c1.png";
        g5.pages[i].divCloseImg.src = "eeImage.aspx?_image_Url_=/qrAdmin/main/p2d3d1.png";
        ee.setTextColor(g5.pages[i].divText, "#ffffff");
        g5.pages[i].divFrame.style.zIndex = 10;
    }
    g5.pages[index].active = true;
    g5.pages[index].img1.src = "eeImage.aspx?_image_Url_=/qrAdmin/main/p2d3c2.png";
    g5.pages[index].divCloseImg.src = "eeImage.aspx?_image_Url_=/qrAdmin/main/p2d3d2.png";
    ee.setTextColor(g5.pages[index].divText, "#000000");
    g5.pages[index].divFrame.style.zIndex = 1000;
}

]]></onControlLoad>
    </control>
    <control type="LayoutY" pathname="/divRoot/layouty1">
      <left>0</left>
      <top>0</top>
      <width>1012</width>
      <height>622</height>
      <dockX>fill</dockX>
      <dockY>fill</dockY>
    </control>
    <control type="LayoutYItem" pathname="/divRoot/layouty1/layoutyitem1">
      <left>0</left>
      <top>0</top>
      <width>1012</width>
      <height>54</height>
      <backgroundColor>008080</backgroundColor>
      <bgColorEnabled>true</bgColorEnabled>
      <text>　QRTomahawk V0.10</text>
      <fontFamily>Arial</fontFamily>
      <fontSize>14</fontSize>
      <fontColor>FFFFFF</fontColor>
      <fontBold>true</fontBold>
      <hAlign>left</hAlign>
      <heavyEnabled>false</heavyEnabled>
    </control>
    <control type="LayoutYItem" pathname="/divRoot/layouty1/layoutyitem2">
      <left>0</left>
      <top>54</top>
      <width>1012</width>
      <height>536</height>
      <backgroundColor>d0d0d0</backgroundColor>
    </control>
    <control type="LayoutX" pathname="/divRoot/layouty1/layoutyitem2/layoutx1">
      <left>0</left>
      <top>0</top>
      <width>1012</width>
      <height>536</height>
      <dockX>fill</dockX>
      <dockY>fill</dockY>
      <fieldCount>2</fieldCount>
    </control>
    <control type="LayoutXItem" pathname="/divRoot/layouty1/layoutyitem2/layoutx1/layoutxitem1">
      <left>0</left>
      <top>0</top>
      <width>156</width>
      <height>536</height>
      <backgroundColor>5E9BB9</backgroundColor>
      <bgColorEnabled>true</bgColorEnabled>
      <heavyEnabled>false</heavyEnabled>
    </control>
    <control type="Panel" pathname="/divRoot/layouty1/layoutyitem2/layoutx1/layoutxitem1/panel1">
      <left>18</left>
      <top>32</top>
      <width>114</width>
      <height>31</height>
      <text>开户</text>
      <fontSize>12</fontSize>
      <fontColor>FFFFFF</fontColor>
      <fontBold>true</fontBold>
      <cursor>pointer</cursor>
      <onClick>g5.appendPage("开户", ee.pageRoot + "/register");</onClick>
    </control>
    <control type="Panel" pathname="/divRoot/layouty1/layoutyitem2/layoutx1/layoutxitem1/panel3">
      <left>18</left>
      <top>64</top>
      <width>114</width>
      <height>31</height>
      <text>用户管理</text>
      <fontSize>12</fontSize>
      <fontColor>FFFFFF</fontColor>
      <fontBold>true</fontBold>
      <cursor>pointer</cursor>
      <onClick>g5.appendPage("用户管理", ee.pageRoot + "/userAdmin");</onClick>
    </control>
    <control type="Panel" pathname="/divRoot/layouty1/layoutyitem2/layoutx1/layoutxitem1/panel4">
      <left>18</left>
      <top>96</top>
      <width>114</width>
      <height>31</height>
      <text>充值</text>
      <fontSize>12</fontSize>
      <fontColor>FFFFFF</fontColor>
      <fontBold>true</fontBold>
      <cursor>pointer</cursor>
      <onClick>g5.appendPage("充值", ee.pageRoot + "/charge");</onClick>
    </control>
    <control type="LayoutXItem" pathname="/divRoot/layouty1/layoutyitem2/layoutx1/layoutxitem2">
      <left>156</left>
      <top>0</top>
      <width>856</width>
      <height>536</height>
      <backgroundColor>d0d0d0</backgroundColor>
    </control>
    <control type="LayoutY" pathname="/divRoot/layouty1/layoutyitem2/layoutx1/layoutxitem2/layouty2">
      <left>0</left>
      <top>0</top>
      <width>856</width>
      <height>536</height>
      <dockX>fill</dockX>
      <dockY>fill</dockY>
      <fieldCount>2</fieldCount>
    </control>
    <control type="LayoutYItem" pathname="/divRoot/layouty1/layoutyitem2/layoutx1/layoutxitem2/layouty2/layoutyitem4">
      <left>0</left>
      <top>0</top>
      <width>856</width>
      <height>32</height>
      <backgroundColor>8080FF</backgroundColor>
      <heavyEnabled>false</heavyEnabled>
    </control>
    <control type="Panel" pathname="/divRoot/layouty1/layoutyitem2/layoutx1/layoutxitem2/layouty2/layoutyitem4/panel2">
      <left>0</left>
      <top>31</top>
      <width>856</width>
      <height>1</height>
      <dockX>fill</dockX>
      <dockY>bottom</dockY>
      <backgroundColor>008000</backgroundColor>
      <bgColorEnabled>true</bgColorEnabled>
    </control>
    <control type="LayoutYItem" pathname="/divRoot/layouty1/layoutyitem2/layoutx1/layoutxitem2/layouty2/layoutyitem5">
      <left>0</left>
      <top>32</top>
      <width>856</width>
      <height>504</height>
      <backgroundColor>d0d0d0</backgroundColor>
    </control>
    <control type="LayoutYItem" pathname="/divRoot/layouty1/layoutyitem3">
      <left>0</left>
      <top>590</top>
      <width>1012</width>
      <height>32</height>
      <backgroundColor>008080</backgroundColor>
      <bgColorEnabled>true</bgColorEnabled>
      <text>商品二维码后台管理系统</text>
      <fontColor>FFFFFF</fontColor>
      <heavyEnabled>false</heavyEnabled>
    </control>
  </controls>
  <sqlResultSet count="0" />
  <taskSet count="0" />
  <gridLines count="0" />
</page>