<page>
  <controls count="79">
    <control type="DivRoot" pathname="/divRoot">
      <left>0</left>
      <top>1</top>
      <width>1236</width>
      <height>1020</height>
      <dockX>fill</dockX>
      <backgroundColor>ffffff</backgroundColor>
      <bgColorEnabled>true</bgColorEnabled>
      <onControlLoad><![CDATA[//大眼睛系统
g5.bigeyeCurrent = 0;
g5.bigeyeUserClick = false;
g5.bigeyeRoot = ee.getControl("panel21");
g5.bigeyePage = new Array();
g5.bigeyePage.push(ee.getControl("panel17"));
g5.bigeyePage.push(ee.getControl("panel18"));
g5.bigeyePage.push(ee.getControl("panel19"));
g5.bigeyePage.push(ee.getControl("panel20"));
g5.bigeyeButton = new Array();
g5.bigeyeButton.push(ee.getControl("layoutyitem1"));
g5.bigeyeButton.push(ee.getControl("layoutyitem2"));
g5.bigeyeButton.push(ee.getControl("layoutyitem3"));
g5.bigeyeButton.push(ee.getControl("layoutyitem4"));
g5.bigeyeTimer = function() {
    ee.hideAllLayer(g5.bigeyeRoot);
    ee.showAni(g5.bigeyePage[g5.bigeyeCurrent]);
    for (var i=0; i<g5.bigeyeButton.length; i++) {
        g5.bigeyeButton[i].style.backgroundColor = "#e0e0e0";
    }
    g5.bigeyeButton[g5.bigeyeCurrent].style.backgroundColor = "#c0c0ff";
    g5.bigeyeCurrent = (g5.bigeyeCurrent + 1) % g5.bigeyePage.length;
    if (!g5.bigeyeUserClick) {
        g5.bigeyeTHandle = setTimeout(g5.bigeyeTimer, 5000);
    }
}
g5.bigeyeShow = function(pageIndex) {
    g5.bigeyeUserClick = true;
    g5.bigeyeCurrent = pageIndex % g5.bigeyePage.length;
    clearTimeout(g5.bigeyeTHandle);
    g5.bigeyeTimer();
}
g5.bigeyeTHandle = setTimeout(g5.bigeyeTimer, 10);

]]></onControlLoad>
    </control>
    <control type="Panel" pathname="/divRoot/panel1">
      <left>0</left>
      <top>0</top>
      <width>1236</width>
      <height>79</height>
      <dockX>fill</dockX>
      <dockY>top</dockY>
    </control>
    <control type="Panel" pathname="/divRoot/panel1/panel2">
      <left>134</left>
      <top>44</top>
      <width>294</width>
      <height>24</height>
      <text>www.ma315.com - 助您企业一臂之力</text>
      <fontFamily>Tahoma</fontFamily>
      <fontColor>808080</fontColor>
      <hAlign>left</hAlign>
    </control>
    <control type="Panel" pathname="/divRoot/panel1/panel84">
      <left>815</left>
      <top>0</top>
      <width>421</width>
      <height>79</height>
      <dockX>right</dockX>
      <dockY>fill</dockY>
    </control>
    <control type="Edit" pathname="/divRoot/panel1/panel84/edit1">
      <left>107</left>
      <top>13</top>
      <width>167</width>
      <height>25</height>
      <backgroundSkin>edit1</backgroundSkin>
    </control>
    <control type="Panel" pathname="/divRoot/panel1/panel84/panel85">
      <left>290</left>
      <top>40</top>
      <width>88</width>
      <height>26</height>
      <backgroundSkin>skin1003</backgroundSkin>
      <text>登录MA315</text>
      <fontColor>E0E0E0</fontColor>
      <cursor>pointer</cursor>
      <onClick>login();</onClick>
    </control>
    <control type="Panel" pathname="/divRoot/panel1/panel84/panel86">
      <left>43</left>
      <top>13</top>
      <width>63</width>
      <height>25</height>
      <text>用户名</text>
    </control>
    <control type="Panel" pathname="/divRoot/panel1/panel84/panel87">
      <left>43</left>
      <top>41</top>
      <width>63</width>
      <height>25</height>
      <text>密码</text>
    </control>
    <control type="Edit" pathname="/divRoot/panel1/panel84/edit2">
      <left>107</left>
      <top>41</top>
      <width>167</width>
      <height>25</height>
      <backgroundSkin>edit1</backgroundSkin>
      <inputPassword>true</inputPassword>
    </control>
    <control type="Panel" pathname="/divRoot/panel1/panel16">
      <left>132</left>
      <top>13</top>
      <width>405</width>
      <height>35</height>
      <text>MA315二维码防伪认证平台</text>
      <fontSize>18</fontSize>
      <fontColor>800000</fontColor>
      <fontBold>true</fontBold>
      <hAlign>left</hAlign>
    </control>
    <control type="Panel" pathname="/divRoot/panel1/panel3">
      <left>67</left>
      <top>15</top>
      <width>59</width>
      <height>48</height>
      <backgroundImg>CPY0003.jpg</backgroundImg>
      <backgroundImgMode>fill</backgroundImgMode>
    </control>
    <control type="Panel" pathname="/divRoot/panel4">
      <left>0</left>
      <top>78</top>
      <width>1236</width>
      <height>33</height>
      <dockX>fill</dockX>
      <backgroundColor>AE445C</backgroundColor>
      <bgColorEnabled>true</bgColorEnabled>
    </control>
    <control type="LayoutX" pathname="/divRoot/panel4/layoutx1">
      <left>118</left>
      <top>0</top>
      <width>1000</width>
      <height>33</height>
      <dockX>center</dockX>
      <dockY>fill</dockY>
      <fieldCount>6</fieldCount>
    </control>
    <control type="LayoutXItem" pathname="/divRoot/panel4/layoutx1/layoutxitem1">
      <left>0</left>
      <top>0</top>
      <width>143</width>
      <height>33</height>
      <backgroundColor>f0f0f0</backgroundColor>
      <text>首页</text>
      <fontSize>12</fontSize>
      <fontColor>FFFFFF</fontColor>
      <fontBold>true</fontBold>
      <cursor>pointer</cursor>
      <onClick>window.location.href = "ee.aspx?_L_=/ma315/main";</onClick>
    </control>
    <control type="Panel" pathname="/divRoot/panel4/layoutx1/layoutxitem1/panel5">
      <left>0</left>
      <top>0</top>
      <width>2</width>
      <height>33</height>
      <dockX>left</dockX>
      <dockY>fill</dockY>
      <backgroundColor>FFFFFF</backgroundColor>
      <bgColorEnabled>true</bgColorEnabled>
    </control>
    <control type="LayoutXItem" pathname="/divRoot/panel4/layoutx1/layoutxitem2">
      <left>143</left>
      <top>0</top>
      <width>143</width>
      <height>33</height>
      <backgroundColor>d0d0d0</backgroundColor>
      <text>产品介绍</text>
      <fontSize>12</fontSize>
      <fontColor>FFFFFF</fontColor>
      <fontBold>true</fontBold>
      <cursor>pointer</cursor>
      <onClick>window.location.href = ee.pageRoot + "/msg&amp;id=14";</onClick>
    </control>
    <control type="Panel" pathname="/divRoot/panel4/layoutx1/layoutxitem2/panel6">
      <left>0</left>
      <top>0</top>
      <width>2</width>
      <height>33</height>
      <dockX>left</dockX>
      <dockY>fill</dockY>
      <backgroundColor>FFFFFF</backgroundColor>
      <bgColorEnabled>true</bgColorEnabled>
    </control>
    <control type="LayoutXItem" pathname="/divRoot/panel4/layoutx1/layoutxitem3">
      <left>286</left>
      <top>0</top>
      <width>143</width>
      <height>33</height>
      <backgroundColor>f0f0f0</backgroundColor>
      <text>自助受理中心</text>
      <fontSize>12</fontSize>
      <fontColor>FFFFFF</fontColor>
      <fontBold>true</fontBold>
      <cursor>pointer</cursor>
      <onClick>window.location.href = "ee.aspx?_L_=/qrUserCenter/main";</onClick>
    </control>
    <control type="Panel" pathname="/divRoot/panel4/layoutx1/layoutxitem3/panel7">
      <left>0</left>
      <top>0</top>
      <width>2</width>
      <height>33</height>
      <dockX>left</dockX>
      <dockY>fill</dockY>
      <backgroundColor>FFFFFF</backgroundColor>
      <bgColorEnabled>true</bgColorEnabled>
    </control>
    <control type="LayoutXItem" pathname="/divRoot/panel4/layoutx1/layoutxitem4">
      <left>429</left>
      <top>0</top>
      <width>142</width>
      <height>33</height>
      <backgroundColor>d0d0d0</backgroundColor>
      <text>招商合作</text>
      <fontSize>12</fontSize>
      <fontColor>FFFFFF</fontColor>
      <fontBold>true</fontBold>
      <cursor>pointer</cursor>
      <onClick>window.location.href = ee.pageRoot + "/msg&amp;id=18";</onClick>
    </control>
    <control type="Panel" pathname="/divRoot/panel4/layoutx1/layoutxitem4/panel8">
      <left>0</left>
      <top>0</top>
      <width>2</width>
      <height>33</height>
      <dockX>left</dockX>
      <dockY>fill</dockY>
      <backgroundColor>FFFFFF</backgroundColor>
      <bgColorEnabled>true</bgColorEnabled>
    </control>
    <control type="LayoutXItem" pathname="/divRoot/panel4/layoutx1/layoutxitem5">
      <left>571</left>
      <top>0</top>
      <width>143</width>
      <height>33</height>
      <backgroundColor>f0f0f0</backgroundColor>
      <text>联系我们</text>
      <fontSize>12</fontSize>
      <fontColor>FFFFFF</fontColor>
      <fontBold>true</fontBold>
      <cursor>pointer</cursor>
      <onClick>window.location.href = ee.pageRoot + "/msg&amp;id=17";</onClick>
    </control>
    <control type="Panel" pathname="/divRoot/panel4/layoutx1/layoutxitem5/panel9">
      <left>0</left>
      <top>0</top>
      <width>2</width>
      <height>33</height>
      <dockX>left</dockX>
      <dockY>fill</dockY>
      <backgroundColor>FFFFFF</backgroundColor>
      <bgColorEnabled>true</bgColorEnabled>
    </control>
    <control type="LayoutXItem" pathname="/divRoot/panel4/layoutx1/layoutxitem6">
      <left>714</left>
      <top>0</top>
      <width>286</width>
      <height>33</height>
      <backgroundColor>d0d0d0</backgroundColor>
      <heavy>200</heavy>
    </control>
    <control type="Panel" pathname="/divRoot/panel4/layoutx1/layoutxitem6/panel10">
      <left>0</left>
      <top>0</top>
      <width>2</width>
      <height>33</height>
      <dockX>left</dockX>
      <dockY>fill</dockY>
      <backgroundColor>FFFFFF</backgroundColor>
      <bgColorEnabled>true</bgColorEnabled>
    </control>
    <control type="Panel" pathname="/divRoot/panel21">
      <left>0</left>
      <top>111</top>
      <width>1236</width>
      <height>460</height>
      <dockX>fill</dockX>
    </control>
    <control type="Panel" pathname="/divRoot/panel21/panel17">
      <left>0</left>
      <top>0</top>
      <width>1236</width>
      <height>460</height>
      <dockX>fill</dockX>
      <dockY>fill</dockY>
      <backgroundImg>p1.jpg</backgroundImg>
      <layerName>a1</layerName>
      <onClick>window.location.href = "ee.aspx?_L_=/zhongshuo/product/001";</onClick>
      <aniAlpha>whiteAlpha:白色淡出</aniAlpha>
    </control>
    <control type="Panel" pathname="/divRoot/panel21/panel18">
      <left>0</left>
      <top>0</top>
      <width>1236</width>
      <height>460</height>
      <dockX>fill</dockX>
      <dockY>fill</dockY>
      <backgroundImg>p2.jpg</backgroundImg>
      <layerName>a2</layerName>
      <layerVisible>false</layerVisible>
      <aniAlpha>whiteAlpha:白色淡出</aniAlpha>
    </control>
    <control type="Panel" pathname="/divRoot/panel21/panel19">
      <left>0</left>
      <top>0</top>
      <width>1236</width>
      <height>460</height>
      <dockX>fill</dockX>
      <dockY>fill</dockY>
      <backgroundImg>p3.jpg</backgroundImg>
      <layerName>a3</layerName>
      <layerVisible>false</layerVisible>
      <onClick>window.location.href = "ee.aspx?_L_=/zhongshuo/product/009";</onClick>
      <aniAlpha>whiteAlpha:白色淡出</aniAlpha>
    </control>
    <control type="Panel" pathname="/divRoot/panel21/panel20">
      <left>0</left>
      <top>0</top>
      <width>1236</width>
      <height>460</height>
      <dockX>fill</dockX>
      <dockY>fill</dockY>
      <backgroundImg>p4.jpg</backgroundImg>
      <layerName>s4</layerName>
      <onClick>window.location.href = "ee.aspx?_L_=/zhongshuo/product/008";</onClick>
      <aniAlpha>whiteAlpha:白色淡出</aniAlpha>
    </control>
    <control type="LayoutY" pathname="/divRoot/layouty2">
      <left>0</left>
      <top>571</top>
      <width>1236</width>
      <height>16</height>
      <dockX>fill</dockX>
      <fieldCount>2</fieldCount>
    </control>
    <control type="LayoutYItem" pathname="/divRoot/layouty2/layoutyitem5">
      <left>0</left>
      <top>0</top>
      <width>1236</width>
      <height>5</height>
      <backgroundColor>AE445C</backgroundColor>
      <bgColorEnabled>true</bgColorEnabled>
      <heavy>50</heavy>
    </control>
    <control type="LayoutYItem" pathname="/divRoot/layouty2/layoutyitem6">
      <left>0</left>
      <top>5</top>
      <width>1236</width>
      <height>11</height>
      <backgroundColor>d0d0d0</backgroundColor>
      <backgroundImg>shadowY.png</backgroundImg>
      <backgroundImgMode>stretch</backgroundImgMode>
    </control>
    <control type="Panel" pathname="/divRoot/panel25">
      <left>19</left>
      <top>421</top>
      <width>1197</width>
      <height>117</height>
      <dockX>center</dockX>
      <backgroundColor>FFFFFF</backgroundColor>
      <alpha>0.2</alpha>
      <layerVisible>false</layerVisible>
    </control>
    <control type="LayoutY" pathname="/divRoot/panel25/layouty1">
      <left>0</left>
      <top>0</top>
      <width>29</width>
      <height>117</height>
      <dockX>left</dockX>
      <dockY>fill</dockY>
      <fieldCount>4</fieldCount>
    </control>
    <control type="LayoutYItem" pathname="/divRoot/panel25/layouty1/layoutyitem1">
      <left>0</left>
      <top>0</top>
      <width>29</width>
      <height>29</height>
      <backgroundColor>C0C0FF</backgroundColor>
      <bgColorEnabled>true</bgColorEnabled>
      <text>1</text>
      <fontFamily>Arial</fontFamily>
      <fontBold>true</fontBold>
      <cursor>pointer</cursor>
      <onClick>g5.bigeyeShow(0);
</onClick>
    </control>
    <control type="Panel" pathname="/divRoot/panel25/layouty1/layoutyitem1/panel22">
      <left>0</left>
      <top>27</top>
      <width>29</width>
      <height>2</height>
      <dockX>fill</dockX>
      <dockY>bottom</dockY>
      <backgroundColor>000000</backgroundColor>
      <bgColorEnabled>true</bgColorEnabled>
    </control>
    <control type="LayoutYItem" pathname="/divRoot/panel25/layouty1/layoutyitem2">
      <left>0</left>
      <top>29</top>
      <width>29</width>
      <height>30</height>
      <backgroundColor>E0E0E0</backgroundColor>
      <bgColorEnabled>true</bgColorEnabled>
      <text>2</text>
      <fontFamily>Arial</fontFamily>
      <fontBold>true</fontBold>
      <cursor>pointer</cursor>
      <onClick>g5.bigeyeShow(1);
</onClick>
    </control>
    <control type="Panel" pathname="/divRoot/panel25/layouty1/layoutyitem2/panel24">
      <left>0</left>
      <top>28</top>
      <width>29</width>
      <height>2</height>
      <dockX>fill</dockX>
      <dockY>bottom</dockY>
      <backgroundColor>000000</backgroundColor>
      <bgColorEnabled>true</bgColorEnabled>
    </control>
    <control type="LayoutYItem" pathname="/divRoot/panel25/layouty1/layoutyitem3">
      <left>0</left>
      <top>59</top>
      <width>29</width>
      <height>29</height>
      <backgroundColor>E0E0E0</backgroundColor>
      <bgColorEnabled>true</bgColorEnabled>
      <text>3</text>
      <fontFamily>Arial</fontFamily>
      <fontBold>true</fontBold>
      <cursor>pointer</cursor>
      <onClick>g5.bigeyeShow(2);
</onClick>
    </control>
    <control type="Panel" pathname="/divRoot/panel25/layouty1/layoutyitem3/panel23">
      <left>0</left>
      <top>27</top>
      <width>29</width>
      <height>2</height>
      <dockX>fill</dockX>
      <dockY>bottom</dockY>
      <backgroundColor>000000</backgroundColor>
      <bgColorEnabled>true</bgColorEnabled>
    </control>
    <control type="LayoutYItem" pathname="/divRoot/panel25/layouty1/layoutyitem4">
      <left>0</left>
      <top>88</top>
      <width>29</width>
      <height>29</height>
      <backgroundColor>E0E0E0</backgroundColor>
      <bgColorEnabled>true</bgColorEnabled>
      <text>4</text>
      <fontFamily>Arial</fontFamily>
      <fontBold>true</fontBold>
      <cursor>pointer</cursor>
      <onClick>g5.bigeyeShow(3);
</onClick>
    </control>
    <control type="Panel" pathname="/divRoot/panel11">
      <left>118</left>
      <top>593</top>
      <width>1000</width>
      <height>218</height>
      <dockX>center</dockX>
    </control>
    <control type="LayoutY" pathname="/divRoot/panel11/layouty3">
      <left>0</left>
      <top>0</top>
      <width>296</width>
      <height>218</height>
      <dockX>left</dockX>
      <dockY>fill</dockY>
      <fieldCount>2</fieldCount>
    </control>
    <control type="LayoutYItem" pathname="/divRoot/panel11/layouty3/layoutyitem7">
      <left>0</left>
      <top>0</top>
      <width>296</width>
      <height>34</height>
      <backgroundColor>f0f0f0</backgroundColor>
      <text>核心理念</text>
      <fontBold>true</fontBold>
      <hAlign>left</hAlign>
      <heavyEnabled>false</heavyEnabled>
    </control>
    <control type="Panel" pathname="/divRoot/panel11/layouty3/layoutyitem7/panel76">
      <left>61</left>
      <top>0</top>
      <width>144</width>
      <height>34</height>
      <dockY>fill</dockY>
      <text>CORE IDEA</text>
      <fontFamily>Arial</fontFamily>
      <fontColor>C00000</fontColor>
      <fontBold>true</fontBold>
      <hAlign>left</hAlign>
    </control>
    <control type="Panel" pathname="/divRoot/panel11/layouty3/layoutyitem7/panel91">
      <left>0</left>
      <top>33</top>
      <width>296</width>
      <height>1</height>
      <dockX>fill</dockX>
      <dockY>bottom</dockY>
      <bgColorEnabled>true</bgColorEnabled>
    </control>
    <control type="LayoutYItem" pathname="/divRoot/panel11/layouty3/layoutyitem8">
      <left>0</left>
      <top>34</top>
      <width>296</width>
      <height>184</height>
      <backgroundColor>d0d0d0</backgroundColor>
    </control>
    <control type="Panel" pathname="/divRoot/panel11/layouty3/layoutyitem8/panel93">
      <left>10</left>
      <top>9</top>
      <width>277</width>
      <height>44</height>
      <text>合作共赢：</text>
      <fontColor>C00000</fontColor>
      <hAlign>left</hAlign>
      <vAlign>top</vAlign>
    </control>
    <control type="Panel" pathname="/divRoot/panel11/layouty3/layoutyitem8/panel93/panel94">
      <left>71</left>
      <top>0</top>
      <width>206</width>
      <height>44</height>
      <dockX>right</dockX>
      <dockY>fill</dockY>
      <text>免费为企业提供最为专业的移动互联网技术支持，仅通过印刷二维码胶贴收取廉价费用</text>
      <hAlign>left</hAlign>
      <vAlign>top</vAlign>
    </control>
    <control type="Panel" pathname="/divRoot/panel11/layouty3/layoutyitem8/panel34">
      <left>10</left>
      <top>62</top>
      <width>277</width>
      <height>44</height>
      <text>注重长远：</text>
      <fontColor>C00000</fontColor>
      <hAlign>left</hAlign>
      <vAlign>top</vAlign>
    </control>
    <control type="Panel" pathname="/divRoot/panel11/layouty3/layoutyitem8/panel34/panel35">
      <left>71</left>
      <top>0</top>
      <width>206</width>
      <height>44</height>
      <dockX>right</dockX>
      <dockY>fill</dockY>
      <text>通过对企业大规模的市场行为支持，为企业提供广阔的发展空间</text>
      <hAlign>left</hAlign>
      <vAlign>top</vAlign>
    </control>
    <control type="Panel" pathname="/divRoot/panel11/layouty3/layoutyitem8/panel36">
      <left>10</left>
      <top>104</top>
      <width>277</width>
      <height>44</height>
      <text>开拓创新：</text>
      <fontColor>C00000</fontColor>
      <hAlign>left</hAlign>
      <vAlign>top</vAlign>
    </control>
    <control type="Panel" pathname="/divRoot/panel11/layouty3/layoutyitem8/panel36/panel37">
      <left>71</left>
      <top>0</top>
      <width>206</width>
      <height>44</height>
      <dockX>right</dockX>
      <dockY>fill</dockY>
      <text>瞄准国际最为先进的技术和理念，为企业提供最具专业水准的技术服务</text>
      <hAlign>left</hAlign>
      <vAlign>top</vAlign>
    </control>
    <control type="Panel" pathname="/divRoot/panel11/layouty3/layoutyitem8/panel38">
      <left>10</left>
      <top>144</top>
      <width>277</width>
      <height>44</height>
      <text>一物一码：</text>
      <fontColor>C00000</fontColor>
      <hAlign>left</hAlign>
      <vAlign>top</vAlign>
    </control>
    <control type="Panel" pathname="/divRoot/panel11/layouty3/layoutyitem8/panel38/panel39">
      <left>71</left>
      <top>0</top>
      <width>206</width>
      <height>44</height>
      <dockX>right</dockX>
      <dockY>fill</dockY>
      <text>为每个产品提供唯一的二维码，从而给最终用户提供更好的使用体验</text>
      <hAlign>left</hAlign>
      <vAlign>top</vAlign>
    </control>
    <control type="LayoutY" pathname="/divRoot/panel11/layouty5">
      <left>316</left>
      <top>0</top>
      <width>367</width>
      <height>218</height>
      <dockY>fill</dockY>
      <fieldCount>2</fieldCount>
    </control>
    <control type="LayoutYItem" pathname="/divRoot/panel11/layouty5/layoutyitem11">
      <left>0</left>
      <top>0</top>
      <width>367</width>
      <height>34</height>
      <backgroundColor>f0f0f0</backgroundColor>
      <text>产品简介</text>
      <fontBold>true</fontBold>
      <hAlign>left</hAlign>
      <heavyEnabled>false</heavyEnabled>
    </control>
    <control type="Panel" pathname="/divRoot/panel11/layouty5/layoutyitem11/panel90">
      <left>61</left>
      <top>0</top>
      <width>144</width>
      <height>34</height>
      <dockY>fill</dockY>
      <text>PRODUCT</text>
      <fontFamily>Arial</fontFamily>
      <fontColor>C00000</fontColor>
      <fontBold>true</fontBold>
      <hAlign>left</hAlign>
    </control>
    <control type="Panel" pathname="/divRoot/panel11/layouty5/layoutyitem11/panel95">
      <left>0</left>
      <top>33</top>
      <width>367</width>
      <height>1</height>
      <dockX>fill</dockX>
      <dockY>bottom</dockY>
      <bgColorEnabled>true</bgColorEnabled>
    </control>
    <control type="LayoutYItem" pathname="/divRoot/panel11/layouty5/layoutyitem12">
      <left>0</left>
      <top>34</top>
      <width>367</width>
      <height>184</height>
      <backgroundColor>d0d0d0</backgroundColor>
    </control>
    <control type="Panel" pathname="/divRoot/panel11/layouty5/layoutyitem12/panel96">
      <left>7</left>
      <top>11</top>
      <width>355</width>
      <height>146</height>
      <text>　　MA315推行一物一码的概念，为生产厂商的产品提供全方位的移动互联网概念服务。

　　用户仅仅通过扫描产品上面的二维码，就可以立即获取企业信息、产品信息、真伪查询、溯源信息等图片或者视频资料。

　　MA315通过免费的形式为生产厂商提供移动互联网支持，极大的降低了传统厂商进入移动互联网营销的门槛。区区几千元的投入即可获得传统大厂商几十万甚至是几百万才能建设的移动互联网应用平台。</text>
      <fontColor>404040</fontColor>
      <hAlign>left</hAlign>
      <vAlign>top</vAlign>
    </control>
    <control type="Panel" pathname="/divRoot/panel11/layouty5/layoutyitem12/panel98">
      <left>297</left>
      <top>159</top>
      <width>70</width>
      <height>25</height>
      <dockX>right</dockX>
      <dockY>bottom</dockY>
      <text><![CDATA[更多 >>]]></text>
      <fontColor>8080FF</fontColor>
      <cursor>pointer</cursor>
      <onClick>window.location.href = ee.pageRoot + "/msg&amp;id=14";</onClick>
    </control>
    <control type="LayoutY" pathname="/divRoot/panel11/layouty4">
      <left>707</left>
      <top>0</top>
      <width>293</width>
      <height>218</height>
      <dockX>right</dockX>
      <dockY>fill</dockY>
      <fieldCount>2</fieldCount>
    </control>
    <control type="LayoutYItem" pathname="/divRoot/panel11/layouty4/layoutyitem9">
      <left>0</left>
      <top>0</top>
      <width>293</width>
      <height>34</height>
      <backgroundColor>f0f0f0</backgroundColor>
      <text>联系方式</text>
      <fontBold>true</fontBold>
      <hAlign>left</hAlign>
      <heavyEnabled>false</heavyEnabled>
    </control>
    <control type="Panel" pathname="/divRoot/panel11/layouty4/layoutyitem9/panel83">
      <left>61</left>
      <top>0</top>
      <width>144</width>
      <height>34</height>
      <dockY>fill</dockY>
      <text>Contact</text>
      <fontFamily>Arial</fontFamily>
      <fontColor>C00000</fontColor>
      <fontBold>true</fontBold>
      <hAlign>left</hAlign>
    </control>
    <control type="Panel" pathname="/divRoot/panel11/layouty4/layoutyitem9/panel88">
      <left>0</left>
      <top>33</top>
      <width>293</width>
      <height>1</height>
      <dockX>fill</dockX>
      <dockY>bottom</dockY>
      <bgColorEnabled>true</bgColorEnabled>
    </control>
    <control type="LayoutYItem" pathname="/divRoot/panel11/layouty4/layoutyitem10">
      <left>0</left>
      <top>34</top>
      <width>293</width>
      <height>184</height>
      <backgroundColor>d0d0d0</backgroundColor>
    </control>
    <control type="Panel" pathname="/divRoot/panel11/layouty4/layoutyitem10/panel89">
      <left>12</left>
      <top>10</top>
      <width>265</width>
      <height>142</height>
      <text>上海总公司
上海长宁办事处
上海普陀办事处 
浙江舟山办事处
北京办事处
河北涿州办事处
四川成都办事处
南美墨西哥办事处
非洲南非办事处

</text>
      <fontColor>404040</fontColor>
      <hAlign>left</hAlign>
      <vAlign>top</vAlign>
    </control>
    <control type="Panel" pathname="/divRoot/panel11/layouty4/layoutyitem10/panel97">
      <left>223</left>
      <top>159</top>
      <width>70</width>
      <height>25</height>
      <dockX>right</dockX>
      <dockY>bottom</dockY>
      <text><![CDATA[更多 >>]]></text>
      <fontColor>8080FF</fontColor>
      <cursor>pointer</cursor>
      <onClick>window.location.href = ee.pageRoot + "/msg&amp;id=17";</onClick>
    </control>
    <control type="Panel" pathname="/divRoot/panel75">
      <left>0</left>
      <top>840</top>
      <width>1236</width>
      <height>180</height>
      <dockX>fill</dockX>
      <dockY>bottom</dockY>
      <backgroundColor>F0F0F0</backgroundColor>
      <backgroundImg>for.gif</backgroundImg>
    </control>
    <control type="Panel" pathname="/divRoot/panel75/panel77">
      <left>281</left>
      <top>62</top>
      <width>673</width>
      <height>32</height>
      <dockX>center</dockX>
      <text>Copyright 2013-2015  ma315.com  All Rights Reserved   上海六舟网络科技有限公司 版权所有</text>
      <fontColor>FFFFFF</fontColor>
    </control>
    <control type="Panel" pathname="/divRoot/panel75/panel78">
      <left>333</left>
      <top>91</top>
      <width>570</width>
      <height>32</height>
      <dockX>center</dockX>
      <text>客服邮箱：tam3001@163.com</text>
      <fontColor>FFFFFF</fontColor>
    </control>
    <control type="Panel" pathname="/divRoot/panel75/panel79">
      <left>279</left>
      <top>112</top>
      <width>678</width>
      <height>32</height>
      <dockX>center</dockX>
      <text>MA315防伪认证中心 http://www.ma315.com 沪ICP备15023913号-1</text>
      <fontColor>FFFFFF</fontColor>
    </control>
    <control type="LayoutX" pathname="/divRoot/panel75/layoutx2">
      <left>309</left>
      <top>27</top>
      <width>617</width>
      <height>30</height>
      <dockX>center</dockX>
      <fieldCount>4</fieldCount>
    </control>
    <control type="LayoutXItem" pathname="/divRoot/panel75/layoutx2/layoutxitem7">
      <left>0</left>
      <top>0</top>
      <width>154</width>
      <height>30</height>
      <backgroundColor>f0f0f0</backgroundColor>
      <backgroundSkin>r005</backgroundSkin>
      <text>联系我们</text>
      <cursor>pointer</cursor>
      <onClick>window.location.href = ee.pageRoot + "/msg&amp;id=17";</onClick>
    </control>
    <control type="LayoutXItem" pathname="/divRoot/panel75/layoutx2/layoutxitem8">
      <left>154</left>
      <top>0</top>
      <width>154</width>
      <height>30</height>
      <backgroundColor>d0d0d0</backgroundColor>
      <backgroundSkin>r005</backgroundSkin>
      <text>招聘岗位</text>
      <cursor>pointer</cursor>
      <onClick>window.location.href = ee.pageRoot + "/msg&amp;id=19";</onClick>
    </control>
    <control type="LayoutXItem" pathname="/divRoot/panel75/layoutx2/layoutxitem9">
      <left>308</left>
      <top>0</top>
      <width>155</width>
      <height>30</height>
      <backgroundColor>f0f0f0</backgroundColor>
      <backgroundSkin>r005</backgroundSkin>
      <text>法律声明</text>
      <cursor>pointer</cursor>
      <onClick>window.location.href = ee.pageRoot + "/msg&amp;id=20";</onClick>
    </control>
    <control type="LayoutXItem" pathname="/divRoot/panel75/layoutx2/layoutxitem10">
      <left>463</left>
      <top>0</top>
      <width>154</width>
      <height>30</height>
      <backgroundColor>d0d0d0</backgroundColor>
      <backgroundSkin>r005</backgroundSkin>
      <text>网站地图</text>
      <cursor>pointer</cursor>
      <onClick>window.location.href = ee.pageRoot + "/main";</onClick>
    </control>
  </controls>
  <sqlResultSet count="0" />
  <taskSet count="1">
    <taskSetItem name="login">
      <script1>eio.appendString8(ee.getEditText(ee.getControl("edit1")));
eio.appendString8(ee.getEditText(ee.getControl("edit2")));</script1>
      <script2>var username = eio.readString8();
var password = eio.readString8();
if ((username=="tam")&amp;&amp;(password=="1qazxsw2")) {
    eio.appendString8("T");
    session.set("ma315.username", username);
} else {
    eio.appendString8("F");
}</script2>
      <script3>var r = eio.readString8();
if (r == "T") {
    window.location.href = ee.pageRoot + "/admin/msgEditor";
} else {
    alert("用户名或密码错误");
}</script3>
    </taskSetItem>
  </taskSet>
  <gridLines count="0" />
</page>